id,y_true,y_pred,claim,perturbation_type
sec_AAPL_0000,SUPPORTS,NOT ENOUGH INFO,"As of September 27, 2025, the Company had two vendors that individually represented 10% or more of total vendor non-trade receivables, which accounted for 46 % and 23 %.",none
sec_AAPL_0001,SUPPORTS,REFUTES,"On August 5, 2024, Google was found to have violated U.S. antitrust laws.",none
sec_AAPL_0002,SUPPORTS,NOT ENOUGH INFO,"14,776,353,000 shares of common stock were issued and outstanding as of October 17, 2025.",none
sec_AAPL_0003,SUPPORTS,NOT ENOUGH INFO,"Pursuant to the requirements of the Securities Exchange Act of 1934, this report has been signed below by the following persons on behalf of the Registrant and in the capacities and on the dates indicated:",none
sec_AAPL_0004,SUPPORTS,NOT ENOUGH INFO,"In connection with this finding, on September 2, 2025, the U.S. District Court for the District of Columbia (""D.C. District Court"") ordered certain remedies.",none
sec_AAPL_0005,SUPPORTS,NOT ENOUGH INFO,"As of September 28, 2024, the Company had two vendors that individually represented 10% or more of total vendor non-trade receivables, which accounted for 44 % and 23 %.",none
sec_AAPL_0006,SUPPORTS,SUPPORTS,"Services gross margin percentage increased during 2025 compared to 2024 primarily due to a different mix of services, partially offset by higher costs.",none
sec_AAPL_0007,SUPPORTS,NOT ENOUGH INFO,"As of September 27, 2025 and September 28, 2024, the Company had total deferred revenue of $ 13.7 billion and $ 12.8 billion, respectively.",none
sec_AAPL_0008,SUPPORTS,REFUTES,"The Company's proportion of net sales by disaggregated revenue source was generally consistent for each reportable segment in Note 13, ""Segment Information and Geographic Data"" for 2025, 2024 and 2023, except in Greater China, where iPhone revenue represented a moderately higher proportion of net sales.",none
sec_AAPL_0009,SUPPORTS,NOT ENOUGH INFO,"Accounts Receivable Trade Receivables As of September 27, 2025, the Company had one customer that represented 10% or more of total trade receivables, which accounted for 12 %.",none
sec_AAPL_0010,SUPPORTS,NOT ENOUGH INFO,"As of September 27, 2025, the Company had $8.0 billion of commercial paper outstanding, which was payable within 12 months.",none
sec_AAPL_0011,SUPPORTS,NOT ENOUGH INFO,"Future payments under unconditional purchase obligations with a remaining term in excess of one year as of September 27, 2025, are as follows (in millions): Contingencies The Company is subject to various legal proceedings and claims that have arisen in the ordinary course of business and that have not been fully resolved.",none
sec_AAPL_0012,SUPPORTS,NOT ENOUGH INFO,"2025-06, Intangibles-Goodwill and Other-Internal-Use Software (Subtopic 350-40): Targeted Improvements to the Accounting for Internal-Use Software (""ASU 2025-06""), which modernizes the accounting for internal-use software.",none
sec_AAPL_0013,SUPPORTS,SUPPORTS,"Directors, Executive Officers and Corporate Governance The information required by this Item will be included in the Company's definitive proxy statement to be filed with the SEC within 120 days after September 27, 2025, in connection with the solicitation of proxies for the Company's 2026 annual meeting of shareholders (""2026 Proxy Statement"") PART IV Item 15.",none
sec_AAPL_0014,SUPPORTS,NOT ENOUGH INFO,"Legal Proceedings Digital Markets Act Investigations On March 25, 2024, the Commission announced that it had opened a formal noncompliance investigation against the Company under Article 5(4) of the EU DMA (""Article 5(4) Investigation"").",none
sec_AAPL_0015,SUPPORTS,SUPPORTS,"As of September 27, 2025, the Company had manufacturing purchase obligations of $56.2 billion, with $55.4 billion payable within 12 months.",none
sec_AAPL_0016,SUPPORTS,NOT ENOUGH INFO,"Lease costs associated with variable payments on the Company's leases were $ 16.1 billion, $ 13.8 billion and $ 13.9 billion for 2025, 2024 and 2023, respectively.",none
sec_AAPL_0017,SUPPORTS,NOT ENOUGH INFO,"Beginning in the second quarter of 2025, new tariffs were announced on imports to the U.S. (""U.S. Tariffs""), including additional tariffs on imports from China, India, Japan, South Korea, Taiwan, Vietnam and the European Union (""EU""), among others.",none
sec_AAPL_0018,SUPPORTS,SUPPORTS,ASU 2025-06 removes all references to software development stages and requires capitalization of software costs when management has committed to the software project and it is probable the software will be completed and perform its intended use.,none
sec_AAPL_0019,SUPPORTS,SUPPORTS,"If the Commission makes a final determination in the Article 6(4) Investigation that there has been a violation, it can issue a cease and desist order and may impose fines up to 10% of the Company's annual worldwide net sales.",none
sec_AAPL_0020,SUPPORTS,SUPPORTS,"Noncash activities involving right-of-use (""ROU"") assets obtained in exchange for lease liabilities were $ 2.8 billion, $ 1.0 billion and $ 2.1 billion for 2025, 2024 and 2023, respectively.",none
sec_AAPL_0021,SUPPORTS,SUPPORTS,The Company is currently evaluating the timing and method of its adoption of ASU 2025-06.,none
sec_AAPL_0022,SUPPORTS,SUPPORTS,"On September 25, 2020, the Commission appealed the General Court's decision to the European Court of Justice (""ECJ"").",none
sec_AAPL_0023,SUPPORTS,NOT ENOUGH INFO,"The aggregate change in the balance of gross unrecognized tax benefits, which excludes interest and penalties, for 2025, 2024 and 2023 is as follows (in millions): The Company is subject to taxation and files income tax returns in the U.S. federal jurisdiction and many state and foreign jurisd ictions.",none
sec_AAPL_0024,SUPPORTS,NOT ENOUGH INFO,"On January 16, 2024, the Company implemented a plan to comply with the 2021 Injunction and filed a statement of compliance with the California District Court.",none
sec_AAPL_0025,SUPPORTS,NOT ENOUGH INFO,"The Company's fiscal years 2025 and 2024 spanned 52 weeks each, whereas fiscal year 2023 spanned 53 weeks.",none
sec_AAPL_0026,SUPPORTS,SUPPORTS,"Restricted Stock Units A summary of the Company's RSU activity and related information for 2025 is as follows: The weighted-average grant-date fair value of RSUs granted in 2024 and 2023 was $ 173.78 and $ 150.87 , respectively.",none
sec_AAPL_0027,SUPPORTS,NOT ENOUGH INFO,"The following table provides a summary of the Company's term debt as of September 27, 2025 and September 28, 2024: To manage interest rate risk on certain of its U.S. dollar-denominated fixed-rate notes, the Company uses interest rate swaps to effectively convert the fixed interest rates to floating interest rates on a portion of these notes.",none
sec_AAPL_0028,SUPPORTS,SUPPORTS,This Item generally discusses 2025 and 2024 items and year-to-year comparisons between 2025 and 2024.,none
sec_AAPL_0029,SUPPORTS,NOT ENOUGH INFO,"Other Information On October 31, 2025, the Company announced that Chris Kondo, Senior Director of Corporate Accounting and Principal Accounting Officer, will transition from his role on January 1, 2026.",none
sec_AAPL_0030,SUPPORTS,SUPPORTS,"Tax years 2018 and after 2021 for the U.S. federal jurisdiction, and after 2014 in certain major foreign jurisdictions, remain subject to examination.",none
sec_AAPL_0031,SUPPORTS,NOT ENOUGH INFO,"The following table provides a summary of cash flows associated with commercial paper for 2025, 2024 and 2023 (in millions): Term Debt The Company has outstanding Notes, which are senior unsecured obligations with interest payable in arrears.",none
sec_AAPL_0032,SUPPORTS,NOT ENOUGH INFO,"Department of Justice Lawsuit On March 21, 2024, the DOJ and a number of state and district attorneys general filed a civil antitrust lawsuit in the U.S. District Court for the District of New Jersey against the Company alleging monopolization or attempted monopolization in the markets for ""performance smartphones"" and ""smartphones"" in violation of U.S. antitrust laws.",none
sec_AAPL_0033,SUPPORTS,NOT ENOUGH INFO,"The Company's material cash requirements include the following contractual obligations: Debt As of September 27, 2025, the Company had outstanding fixed-rate notes with varying maturities for an aggregate principal amount of $91.3 billion (collectively the ""Notes""), with $12.4 billion payable within 12 months.",none
sec_AAPL_0034,SUPPORTS,NOT ENOUGH INFO,"On April 23, 2025, the Commission fined the Company €500 million in the Article 5(4) Investigation and issued a cease and desist order requiring the Company to remove technical and commercial restrictions that prevent developers from steering users to alternative distribution channels outside the App Store.",none
sec_BA_0035,SUPPORTS,SUPPORTS,"During the years ended December 31, 2025 and 2024, we determined that estimated costs to complete the 777X program plus the costs already included in 777X inventory exceed estimated revenues from the program.",none
sec_BA_0036,SUPPORTS,REFUTES,"The aggregate number of shares of our common stock authorized for issuance under the plan is 12,000,000 .",none
sec_BA_0037,SUPPORTS,REFUTES,"In 2025, we granted premium-priced stock options to our executive officers as part of our long-term incentive program.",none
sec_BA_0038,SUPPORTS,REFUTES,"In the third quarter of 2025, we recorded impacts of the OBBBA, which were not material.",none
sec_BA_0039,SUPPORTS,REFUTES,"At December 31, 2025, these agreements have expired and no notional amounts remain.",none
sec_BA_0040,SUPPORTS,REFUTES,"The estimated earliest potential funding dates for these commitments as of December 31, 2025 are as follows: A s of December 31, 2025, $ 11,904 of these financing commitments relate to customers we believe have less than investment-grade credit.",none
sec_BA_0041,SUPPORTS,NOT ENOUGH INFO,"Since our adoption of the accounting standard for pensions in 1987, we have determined the MRVA based on a five-year moving average of plan assets.",none
sec_BA_0042,SUPPORTS,REFUTES,"The aggregate number of shares of our common stock authorized for issuance under the plan is 12,900,000 , plus shares that remained or became available under our 2003 Incentive Stock Plan, as amended and restated.",none
sec_BA_0043,SUPPORTS,NOT ENOUGH INFO,"Changes in assets and liabilities for 2025 improved by $7.8 billion compared to 2024 primarily driven by favorable changes in Inventories ($10.9 billion) and Accounts payable ($1.5 billion), partially offset by unfavorable changes in Advances and progress billings ($4.8 billion).",none
sec_BA_0044,SUPPORTS,NOT ENOUGH INFO,"Payables to suppliers who elected to participate in supply chain financing programs decreased by $0.7 billion and $0.2 billion in 2025 and 2024, and increased by $0.4 billion in 2023.",none
sec_BA_0045,SUPPORTS,NOT ENOUGH INFO,"The Company's deferred income tax liabilities of $ 11,420 will partially offset deferred income tax assets and result in higher taxable income in future years and increase income taxes payable.",none
sec_BA_0046,SUPPORTS,REFUTES,"In October 2025, S&P affirmed the BBB- credit rating and revised the outlook to stable from negative.",none
sec_BA_0047,SUPPORTS,NOT ENOUGH INFO,Proceeds from dispositions in 2025 were primarily driven by the Digital Aviation Solutions Divestiture in October 2025.,none
sec_BA_0048,SUPPORTS,NOT ENOUGH INFO,"The Company had deferred income tax liabilities of $11,420 million at December 31, 2025, that will partially offset deferred income tax assets and result in higher taxable income in future years and increase income taxes payable.",none
sec_BA_0049,SUPPORTS,REFUTES,"As of December 31, 2025, the U.S. applies a diverse range of reciprocal tariffs to imports originating from countries that have not concluded bilateral trade agreements with the U.S.",none
sec_BA_0050,SUPPORTS,NOT ENOUGH INFO,Cash provided by Advances and progress billings during 2024 was $4.1 billion compared to cash provided of $3.4 billion during 2023.,none
sec_BA_0051,SUPPORTS,NOT ENOUGH INFO,"We expect capital expenditures to grow in 2026 compared with 2025. Financing Activities Net cash used by financing activities was $3.8 billion during 2025, compared with net cash provided of $25.2 billion during 2024, and net cash used of $5.5 billion in 2023.",none
sec_BA_0052,SUPPORTS,NOT ENOUGH INFO,"The OBBBA maintains the 21 percent corporate tax rate and makes permanent many of the beneficial expired and expiring tax provisions originally enacted in the Tax Cuts and Jobs Act of 2017, including the immediate expensing of domestic research and development expenditures, more favorable interest deductibility and 100 percent bonus depreciation with effective dates in 2025.",none
sec_BA_0053,SUPPORTS,SUPPORTS,"Cautionary Note About Forward-Looking Statements This report, as well as our annual report to shareholders, quarterly reports and other filings we make with the SEC, press and earnings releases and other written and oral communications, contain ""forward-looking statements"" within the meaning of the Private Securities Litigation Reform Act of 1995.",none
sec_BA_0054,SUPPORTS,REFUTES,A 10% change in the fair value of these investment funds would increase or decrease the liability by $169 million.,none
sec_BA_0055,SUPPORTS,NOT ENOUGH INFO,"79 Table of Co ntents A reconciliation of the beginning and ending amount of unrecognized tax benefits is as follows: As of December 31, 2025, 2024 and 2023, the total amount of unrecognized tax benefits include $ 975 $ 651 and $ 1,088 , respectively, that would affect the effective tax rate, if recognized.",none
sec_BA_0056,SUPPORTS,NOT ENOUGH INFO,We increased the accounting quantity for the 777X program by 100 units in the third quarter of 2025 and 50 units in the fourth quarter of 2025 reflecting strong order activity in 2025 and production plan updates.,none
sec_BA_0057,SUPPORTS,NOT ENOUGH INFO,"As a result of the Spirit Acquisition in December 2025, we exchanged Spirit share-based compensation awards for 164,806 Boeing RSUs, of which 2,682 units are payable in cash.",none
sec_BA_0058,SUPPORTS,SUPPORTS,The decreased income in 2025 was primarily due to lower amortization of net actuarial gains and higher interest cost.,none
sec_BA_0059,SUPPORTS,SUPPORTS,"Revenues recognized for the years ended December 31, 2025 and 2024, from amounts recorded as Advances and progress billings at the beginning of each year were $ 20,570 and $ 14,516 .",none
sec_BA_0060,SUPPORTS,NOT ENOUGH INFO,"During the first half of 2025, we initiated final assembly operations at our new facility at Mid-America St. Louis Airport in Mascoutah, Illinois, and began ground-based flight testing.",none
sec_BA_0061,SUPPORTS,NOT ENOUGH INFO,"In June 2025, the customer ordered four production representative test vehicles.",none
sec_BA_0062,SUPPORTS,NOT ENOUGH INFO,"The five EMD aircraft have been delivered as of December 31, 2024, and the flight testing is ongoing.",none
sec_BA_0063,SUPPORTS,NOT ENOUGH INFO,"Net cash provided during 2024 was primarily driven by the issuance of common stock and Mandatory convertible preferred stock in the fourth quarter of 2024, which resulted in cash proceeds of $18.2 billion and $5.7 billion, net of issuance costs.",none
sec_BA_0064,SUPPORTS,NOT ENOUGH INFO,87 Table of Co ntents The following table summarizes changes in the 737 MAX customer concessions and other considerations liability during 2025 and 2024.,none
sec_BA_0065,SUPPORTS,NOT ENOUGH INFO,"As of December 31, 2025, we had 32 independent agreements with nine different unions in the U.S., and we had agreements with 18 employee representative bodies internationally.",none
sec_BA_0066,SUPPORTS,NOT ENOUGH INFO,"For example, during 2024, BDS recorded $5.0 billion of additional losses on its five most significant fixed-price development programs (KC-46A Tanker, T-7A Red Hawk, Commercial Crew, VC-25B Presidential Aircraft, and MQ-25), which also affect cash flows in future periods.",none
sec_BA_0067,SUPPORTS,REFUTES,"Since the 737-9 door plug accident in January 2024, the 737 program may only increase production rates and/or implement new production lines with the concurrence of the FAA .",none
sec_BA_0068,SUPPORTS,SUPPORTS,"From October 1 through November 12, 2025, funding for U.S. government departments and agencies, including the Department of War (DoW), the National Aeronautics and Space Administration (NASA), and the Department of Transportation (DOT), including the FAA, had lapsed.",none
sec_BA_0069,SUPPORTS,SUPPORTS,"Note 19 - Share-Based Compensation and Other Compensation Arrangements Share-Based Compensation Our 2023 Incentive Stock Plan, permits awards of incentive and non-qualified stock options, stock appreciation rights, restricted stock or units, performance restricted stock or units, and other stock and cash-based awards to our employees, officers, directors, consultants, and independent contractors.",none
sec_BA_0070,SUPPORTS,NOT ENOUGH INFO,These leases will commence in 2026 with lease terms of 1 years to 20 years.,none
sec_BA_0071,SUPPORTS,NOT ENOUGH INFO,"On October 31, 2025, we completed the divestiture of portions of our BGS segment's Digital Aviation Solutions business (Digital Aviation Solutions Divestiture) for $10.55 billion in an all-cash transaction.",none
sec_BA_0072,SUPPORTS,REFUTES,"The reach-forward loss of $ 3,499 in 2024 was recorded as a reduction of deferred production costs and other non-recurring costs.",none
sec_BA_0073,SUPPORTS,REFUTES,"Our legacy $3.0 billion , five -year revolving credit agreement expiring in August 2028 and $4.0 billion , five -year revolving credit agreement expiring in May 2029 each remain in effect.",none
sec_BA_0074,SUPPORTS,NOT ENOUGH INFO,"72 Table of Co ntents Note 4 - Goodwill and Acquired Intangibles Changes in the carrying amount of goodwill for the years ended December 31, 2025 and 2024 were as follows: As of December 31, 2025 and 2024, we had indefinite-lived intangible assets with carrying amounts of $ 0 and $ 197 relating to trade names.",none
sec_BA_0075,SUPPORTS,NOT ENOUGH INFO,"107 Table of Co ntents Note 20 - Shareholders' Equity As of December 31, 2025 and 2024, there were 1,200,000,000 shares of common stock and 20,000,000 shares of preferred stock authorized.",none
sec_BA_0076,SUPPORTS,NOT ENOUGH INFO,"Reinsurance costs related to premiums and claims paid to the reinsurance pool were $ 123 , $ 123 and $ 181 during 2025, 2024 and 2023, respectively.",none
sec_CAT_0077,SUPPORTS,NOT ENOUGH INFO,"Cat Financial had loans carried at fair value of $ 63 million and $ 59 million as of December 31, 2025 and 2024, respectively.",none
sec_CAT_0078,SUPPORTS,NOT ENOUGH INFO,"As of December 31, 2025, there were 7,972 hourly production employees in the United States who were covered by collective bargaining agreements with various labor unions, including The United Automobile, Aerospace and Agricultural Implement Workers of America (UAW), The International Association of Machinists and The United Steelworkers.",none
sec_CAT_0079,SUPPORTS,NOT ENOUGH INFO,"Disclosure Required Pursuant to Section 13(r) of the Securities Exchange Act of 1934 Caterpillar maintains a portfolio of trademarks in Iran, which it registers with the Intellectual Property Center of the Islamic Republic of Iran (IPC), through intellectual property counsel and service providers located in United Arab Emirates and Iran.",none
sec_CAT_0080,SUPPORTS,NOT ENOUGH INFO,"Asia/Pacific sales decreased 2 percent primarily due to unfavorable currency impacts related to the Australian dollar, and lower sales volume.",none
sec_CAT_0081,SUPPORTS,NOT ENOUGH INFO,"In 2026, we expect restructuring costs of approximately $300 million to $350 million and capital expenditures of around $3.5 billion.",none
sec_CAT_0082,SUPPORTS,NOT ENOUGH INFO,"Before tax, stock-based compensation expense for 2025, 2024 and 2023 was $ 242 million, $ 223 million and $ 208 million, respectively, with a corresponding income tax benefit of $ 38 million, $ 30 million and $ 33 million, respectively.",none
sec_CAT_0083,SUPPORTS,NOT ENOUGH INFO,"Contract liabilities were $ 4,678 million, $ 2,745 million and $ 2,389 million as of December 31, 2025, 2024 and 2023, respectively.",none
sec_CAT_0084,SUPPORTS,NOT ENOUGH INFO,"The transaction is expected to close in the final two weeks of February with a purchase price of approximately $790 million, excluding cash acquired.",none
sec_CAT_0085,SUPPORTS,NOT ENOUGH INFO,"Financial Products Segment Financial Products' segment revenues were $4.220 billion in 2025, an increase of $167 million, or 4 percent, compared with $4.053 billion in 2024.",none
sec_CAT_0086,SUPPORTS,SUPPORTS,"For 2025 and 2024, these liabilities were $ 861 million and $ 697 million, respectively.",none
sec_CAT_0087,SUPPORTS,NOT ENOUGH INFO,"2 Redeemable at our option in whole or in part at any time at a redemption price equal to the greater of (i) 100 % of the principal amount or (ii) the discounted present value of the notes or debentures, calculated in accordance with the terms of such notes or debentures.",none
sec_CAT_0088,SUPPORTS,SUPPORTS,"We determine the fair value of the RSU awards granted in 2025, 2024 and 2023 as the closing stock price on the date of the grant.",none
sec_CAT_0089,SUPPORTS,NOT ENOUGH INFO,"In addition, Caterpillar Insurance Co. Ltd. reinsures 100% of the international employee benefit plans of Caterpillar Inc. through retrocession agreements with other insurers.",none
sec_CAT_0090,SUPPORTS,NOT ENOUGH INFO,"Effective July 1, 2025, we made the following changes to segment reporting.",none
sec_CAT_0091,SUPPORTS,REFUTES,"As of December 31, 2025, we employed about 118,000 full-time persons of whom approximately 66,400 were located outside the United States.",none
sec_CAT_0092,SUPPORTS,NOT ENOUGH INFO,"The primary factors that resulted in mark-to-market losses (gains) for 2025, 2024 and 2023 are described below.",none
sec_CAT_0093,SUPPORTS,SUPPORTS,"The net unrealized gains (losses) for equity securities held at December 31, 2025, 2024 and 2023 were $ 20 million, $ 25 million and $( 12 ) million respectively.",none
sec_CAT_0094,SUPPORTS,NOT ENOUGH INFO,"The following table provides the assumptions used in determining the fair value of the option awards for the years ended December 31, 2025, 2024 and 2023, respectively: We credit RSU and PRSU awards with dividend equivalent units on each date that we pay a cash dividend to holders of common stock.",none
sec_CAT_0095,SUPPORTS,NOT ENOUGH INFO,"Also in our opinion, the Company maintained, in all material respects, effective internal control over financial reporting as of December 31, 2025, based on criteria established in Internal Control - Integrated Framework (2013) issued by the COSO.",none
sec_CAT_0096,SUPPORTS,NOT ENOUGH INFO,"Of these U.S. federal deferred tax assets, $ 171 million were reduced by valuation allowances.",none
sec_CAT_0097,SUPPORTS,NOT ENOUGH INFO,"Net cash provided by financing activities was $2.705 billion in 2025, compared with $1.206 billion in 2024.",none
sec_CAT_0098,SUPPORTS,NOT ENOUGH INFO,"In Power & Energy, we anticipate growth in Power Generation for both reciprocating engines and turbines and turbine-related services in 2026, driven by increasing energy demand to support data center build-out related to cloud computing and generative Artificial Intelligence (AI).",none
sec_CAT_0099,SUPPORTS,REFUTES,This was partially offset by lower discount rates at the end of 2023 compared to the end of 2022.,none
sec_CAT_0100,SUPPORTS,SUPPORTS,The restructuring costs in 2023 were primarily related to the divestiture of the company's Longwall business within Resource Industries.,none
sec_CAT_0101,SUPPORTS,NOT ENOUGH INFO,We multiply these net amounts by 10 percent to determine the sensitivity.,none
sec_CAT_0102,SUPPORTS,NOT ENOUGH INFO,"In Transportation, we anticipate growth in rail services and locomotive deliveries in 2026 compared to 2025.",none
sec_CAT_0103,SUPPORTS,NOT ENOUGH INFO,Dealer inventory increased less during 2025 than during 2024.,none
sec_CAT_0104,SUPPORTS,NOT ENOUGH INFO,"During 2025, 2024 and 2023, we repurchased 14.1 million, 23.4 million and 19.5 million shares of Caterpillar common stock, respectively, at an aggregate cost of $ 5.2 billion, $ 8.0 billion and $ 4.7 billion, respectively.",none
sec_CAT_0105,SUPPORTS,NOT ENOUGH INFO,Enterprise operating cash flow was $11.7 billion in 2025.,none
sec_CAT_0106,SUPPORTS,NOT ENOUGH INFO,"Code of Ethics Our Worldwide Code of Conduct (Code), first published in 1974 and most recently updated in 2019, sets a high standard for honesty and ethical behavior by every director and employee, including the principal executive officer, principal financial officer and principal accounting officer.",none
sec_CAT_0107,SUPPORTS,NOT ENOUGH INFO,"At December 31, 2025, Caterpillar's consolidated net worth was $21.388 billion, which was above the $9.000 billion required under the Credit Facility.",none
sec_CAT_0108,SUPPORTS,NOT ENOUGH INFO,Dealer inventory decreased less during 2025 than during 2024.,none
sec_CAT_0109,SUPPORTS,REFUTES,"If we do not take the mitigating actions we plan to take in 2026, the impact from tariffs could be around 20 percent higher.",none
sec_CAT_0110,SUPPORTS,NOT ENOUGH INFO,"Based on the anticipated and firmly committed cash inflow and outflow for our MP&E operations for the next 12 months and the foreign currency derivative instruments in place at year-end, a hypothetical 10 percent weakening of the U.S. dollar relative to all other currencies would adversely affect our expected 2026 cash flow for our MP&E operations by approximately $135 million.",none
sec_CAT_0111,SUPPORTS,SUPPORTS,"As of December 31, 2025, there were 465,287,332 shares of common stock of the Registrant outstanding.",none
sec_CAT_0112,SUPPORTS,SUPPORTS,"The expanded annual disclosures are effective for our year ending December 31, 2027, and the expanded interim disclosures are effective in 2028, with early adoption permitted.",none
sec_CAT_0113,SUPPORTS,NOT ENOUGH INFO,"Material cash requirements for contractual obligations We believe our balances of cash and cash equivalents of $9.980 billion and available-for-sale debt securities of $1.230 billion as of December 31, 2025, along with cash generated by ongoing operations and continued access to debt markets, will be sufficient to satisfy our cash requirements over the next 12 months and beyond.",none
sec_CAT_0114,SUPPORTS,NOT ENOUGH INFO,"The total amount of interest and penalties accrued was $ 268 million and $ 190 million as of December 31, 2025 and 2024, respectively.",none
sec_CAT_0115,SUPPORTS,REFUTES,"Highlights for the full-year 2025 include: Sales and revenues for 2025 were $67.589 billion, an increase of $2.780 billion, or 4 percent, compared with $64.809 billion for 2024.",none
sec_CAT_0116,SUPPORTS,NOT ENOUGH INFO,"Subsequent event On February 3, 2026, the Federal Court of Australia approved Caterpillar's acquisition of RPMGlobal Holdings Limited, an Australian based software company.",none
sec_CAT_0117,SUPPORTS,NOT ENOUGH INFO,"The strong backlog coupled with healthy end markets supports our expectations for sales volume growth in all three primary segments, as well as favorable price realization of about 2 percent of sales and revenues.",none
sec_CAT_0118,SUPPORTS,NOT ENOUGH INFO,"Dealer inventory increased in 2025, compared to a decrease in 2024.",none
sec_GS_0119,SUPPORTS,SUPPORTS,We applied these reforms to the 2025 performance year where permitted under the regulations with certain rule changes being applied starting with the 2026 performance year.,none
sec_GS_0120,SUPPORTS,SUPPORTS,"Global equity prices were generally higher compared with the end of 2024, with some equity indices reaching record highs.",none
sec_GS_0121,SUPPORTS,SUPPORTS,"IDIs with $100 billion or more in total assets, including GS Bank USA, are required to submit full resolution plans biennially.",none
sec_GS_0122,SUPPORTS,NOT ENOUGH INFO,"Additionally, global equity prices were generally higher compared with the end of 2024.",none
sec_GS_0123,SUPPORTS,NOT ENOUGH INFO,"On November 23, 2020, the court granted in part and denied in part defendants' motion to dismiss the complaint in the first action and denied defendants' motion to dismiss the complaint in the second action.",none
sec_GS_0124,SUPPORTS,NOT ENOUGH INFO,"Net provisions for litigation and regulatory proceedings were $215 million for 2025, compared with $166 million for 2024.",none
sec_GS_0125,SUPPORTS,NOT ENOUGH INFO,"During 2023, the firm had impairments of $ 1.46 billion related to commercial real estate included in CIEs within Asset & Wealth Management and $ 118 million related to capitalized software substantially all within Platform Solutions and Asset & Wealth Management.",none
sec_GS_0126,SUPPORTS,NOT ENOUGH INFO,Reporting under this requirement will begin in September 2026.,none
sec_GS_0127,SUPPORTS,NOT ENOUGH INFO,"Book value per common share and tangible book value per common share are based on common shares outstanding and restricted stock units granted to employees with no future service requirements and not subject to performance or market conditions (collectively, basic shares) of 307.1 million as of December 2025 and 322.9 million as of December 2024.",none
sec_GS_0128,SUPPORTS,NOT ENOUGH INFO,"Provision for credit losses was a net benefit of $111 million for 2025, compared with a net benefit of $280 million for 2024.",none
sec_GS_0129,SUPPORTS,SUPPORTS,"During 2024, there was a permanent increase to the firmwide VaR risk limit due to higher levels of volatility and increased exposures.",none
sec_GS_0130,SUPPORTS,NOT ENOUGH INFO,"On May 5, 2022, plaintiffs in the consolidated federal action filed a second consolidated amended complaint.",none
sec_GS_0131,SUPPORTS,NOT ENOUGH INFO,"Operating lease costs were $ 475 million for 2025, $ 473 million for 2024 and $ 484 million for 2023.",none
sec_GS_0132,SUPPORTS,REFUTES,"has not yet proposed comprehensive legislation; however, CRR III and CRD VI provide for a transitional prudential treatment for banks' exposures in crypto-assets, and in August 2025, EBA issued draft regulatory technical standards on the calculation and aggregation of crypto exposure values in accordance with CRR III.",none
sec_GS_0133,SUPPORTS,NOT ENOUGH INFO,"As of December 2024, the impact of CECL transition reflected the remaining amount of reduction that was fully phased in on January 1, 2025.",none
sec_GS_0134,SUPPORTS,NOT ENOUGH INFO,Cash and cash equivalents included cash and due from banks of $ 6.52 billion as of December 2025 and $ 5.36 billion as of December 2024.,none
sec_GS_0135,SUPPORTS,NOT ENOUGH INFO,"On March 19, 2024, the plaintiffs filed a first amended complaint, and on January 10, 2025, the court granted in part and denied in part the defendants' motions to dismiss the first amended complaint with leave to amend, resulting in the dismissal of all claims against the underwriter defendants, including GS&Co.",none
sec_GS_0136,SUPPORTS,NOT ENOUGH INFO,"Provision for credit losses was $84 million for 2024, compared with $430 million for 2023.",none
sec_GS_0137,SUPPORTS,NOT ENOUGH INFO,"The principal and interest repayments received from the seller financings were $ 596 million for 2025, $ 2.85 billion for 2024 and $ 1.00 billion for 2023.",none
sec_GS_0138,SUPPORTS,NOT ENOUGH INFO,"Total wealth management client assets (consisting of AUS, brokerage assets and Marcus deposits) were approximately $1.9 trillion as of December 2025 and approximately $1.6 trillion as of December 2024.",none
sec_GS_0139,SUPPORTS,SUPPORTS,"She had previously served as Head of Regulatory Controllers from September 2017 and, prior to that, she had served as Global Product Controller.",none
sec_GS_0140,SUPPORTS,NOT ENOUGH INFO,"underwrote 9,545,073 shares of common stock in the May 2021 initial public offering representing an aggregate offering price of approximately $ 210 million and 3,179,047 shares of common stock in the September 2021 secondary equity offering representing an aggregate offering price of approximately $ 128 million.",none
sec_GS_0141,SUPPORTS,NOT ENOUGH INFO,"In addition, the estimated sensitivity to a one basis point increase in our own credit spreads on financial liabilities for which the fair value option was elected was a gain of $53 million as of December 2025 and $43 million as of December 2024.",none
sec_GS_0142,SUPPORTS,NOT ENOUGH INFO,"On August 26, 2024, the U.S. Tax Court issued a decision in Varian Medical Systems, Inc. v. Commissioner (Varian decision).",none
sec_GS_0143,SUPPORTS,SUPPORTS,"As of December 2025, 53.9 million shares were available to be delivered pursuant to awards granted under the 2025 SIP.",none
sec_GS_0144,SUPPORTS,SUPPORTS,"In December 2025, we entered into an agreement to transition the Apple Card program to another issuer.",none
sec_GS_0145,SUPPORTS,NOT ENOUGH INFO,"The firm had other retained interests not reflected in the table above with a fair value of $ 506 million and a weighted average life of 4.1 years as of December 2025, and a fair value of $ 491 million and a weighted average life of 5.0 years as of December 2024.",none
sec_GS_0146,SUPPORTS,SUPPORTS,"In the table above: The weighted average grant-date fair value of RSUs granted was $ 588.11 during 2025, $ 365.28 during 2024 and $ 329.23 during 2023.",none
sec_GS_0147,SUPPORTS,NOT ENOUGH INFO,"On May 24, 2023, the plaintiffs filed an amended complaint, and on September 10, 2025, the court granted the defendants' motion to dismiss the amended complaint with prejudice.",none
sec_GS_0148,SUPPORTS,REFUTES,"Operating expenses were $12.66 billion for 2025, 8% higher than 2024 , primarily due to higher compensation and benefits expenses .",none
sec_GS_0149,SUPPORTS,SUPPORTS,"For example, in August 2024, market volatility increased significantly, which adversely affected activity levels, increased our market RWAs and adversely impacted our results on some days.",none
sec_GS_0150,SUPPORTS,NOT ENOUGH INFO,"On May 14, 2024, the court granted the plaintiffs' motion for reconsideration and vacated the dismissal of certain of the plaintiffs' claims, and on September 9, 2024, the court denied the defendants' motion for certification of an interlocutory appeal as to the plaintiffs' surviving claims.",none
sec_GS_0151,SUPPORTS,NOT ENOUGH INFO,"This ASU is effective for the firm for annual periods beginning in January 2027, and interim periods beginning in January 2028 under a prospective approach.",none
sec_GS_0152,SUPPORTS,REFUTES,"As of both December 2025 and December 2024, contract assets were not material.",none
sec_GS_0153,SUPPORTS,NOT ENOUGH INFO,These profits would have contributed 151 basis points to the CET1 capital ratio as of December 2024.,none
sec_GS_0154,SUPPORTS,NOT ENOUGH INFO,"In 2023, the FRB issued a proposal to implement a revised G-SIB assessment methodology and to revise certain systemic indicators to be based on daily or monthly average values during each year, instead of year-end values.",none
sec_GS_0155,SUPPORTS,NOT ENOUGH INFO,"As of December 2025, the firm has recorded deferred tax assets of $ 13 million in connection with state and local tax credit carryforwards and a related valuation allowance of $ 4 million related to these tax credit carryforwards.",none
sec_GS_0156,SUPPORTS,NOT ENOUGH INFO,"is among the underwriters named as defendants in putative securities class actions filed beginning on May 17, 2021 and consolidated in the U.S. District Court for the Northern District of California, relating to ContextLogic Inc.'s (ContextLogic) $ 1.1 billion December 2020 initial public offering of common stock.",none
sec_GS_0157,SUPPORTS,NOT ENOUGH INFO,"is among the underwriters named as defendants in a putative securities class action filed on December 8, 2022 in the U.S. District Court for the Central District of California relating to FIGS, Inc.'s (FIGS) approximately $ 668 million May 2021 initial public offering and approximately $ 413 million September 2021 secondary equity offering.",none
sec_GS_0158,SUPPORTS,NOT ENOUGH INFO,"Our period-end VaR decreased to $79 million as of December 2025 from $91 million as of December 2024, due to lower levels of volatility, partially offset by increased exposures.",none
sec_GS_0159,SUPPORTS,NOT ENOUGH INFO,"On February 10, 2023, the court granted the defendants' motion to dismiss the complaint with leave to amend, and on March 13, 2023, the plaintiffs filed a second amended complaint.",none
sec_GS_0160,SUPPORTS,NOT ENOUGH INFO,"On October 10, 2025, the defendants filed a motion for judgment on the pleadings.",none
sec_JPM_0161,SUPPORTS,REFUTES,"Based on such reviews, the Firm has concluded that goodwill was not impaired as of December 31, 2025.",none
sec_JPM_0162,SUPPORTS,NOT ENOUGH INFO,"Effective January 1, 2023, the Firm adopted the Financial Instruments - Credit Losses: Troubled Debt Restructurings, and Derivatives and Hedging: Fair Value Hedging - Portfolio Layer Method accounting guidance.",none
sec_JPM_0163,SUPPORTS,SUPPORTS,"The following table presents, by fair value hierarchy classification, the carrying values and estimated fair values at December 31, 2025 and 2024, of financial assets and liabilities, excluding financial instruments that are carried at fair value on a recurring basis, and their classification within the fair value hierarchy.",none
sec_JPM_0164,SUPPORTS,NOT ENOUGH INFO,"The following table presents income taxes paid by respective jurisdiction in excess of 5% of total income taxes paid, net of refunds received.",none
sec_JPM_0165,SUPPORTS,SUPPORTS,"The CET1, Tier 1 and Total capital ratio requirements each include a respective minimum requirement plus a GSIB surcharge of 4.5 % as calculated under Method 2; plus a 2.5 % SCB for Standardized ratios and a fixed 2.5 % capital conservation buffer for Advanced ratios.",none
sec_JPM_0166,SUPPORTS,REFUTES,"Executive officers of the registrant Unless otherwise noted, during the five fiscal years ended December 31, 2025, all of JPMorganChase's above-named executive officers have continuously held senior-level positions with JPMorganChase.",none
sec_JPM_0167,SUPPORTS,NOT ENOUGH INFO,The net addition was predominantly driven by $2.2 billion related to the Apple Card transaction and the impact of new lending-related commitments.,none
sec_JPM_0168,SUPPORTS,NOT ENOUGH INFO,"Since December 31, 2024, nonaccrual loan exposure increased by $273 million, driven by certain exposures in Technology, Media & Telecommunications, Utilities, Central Government, and Oil & Gas, in each case primarily resulting from downgrades, largely offset by certain exposures in Healthcare and Consumer & Retail, in each case primarily resulting from charge-off activity, upgrades, and loan sales.",none
sec_JPM_0169,SUPPORTS,NOT ENOUGH INFO,"Payment status of FDMs The following table provides information on the payment status of retained residential real estate FDMs during the years ended December 31, 2025, 2024 and 2023.",none
sec_JPM_0170,SUPPORTS,REFUTES,"The Federal Deposit Insurance Corporation Improvement Act of 1991 requires the relevant federal banking regulator to take ""prompt corrective action"" with respect to a depository institution if that institution does not meet certain capital adequacy standards.",none
sec_JPM_0171,SUPPORTS,NOT ENOUGH INFO,"Securities with a fair value of $ 40.8 billion and $ 26.8 billion, respectively, in relation to customer activity.",none
sec_JPM_0172,SUPPORTS,NOT ENOUGH INFO,"The Firm wrote off accrued interest receivable of $ 109 million and $ 84 million for the years ended December 31, 2025 and 2024, respectively.",none
sec_JPM_0173,SUPPORTS,SUPPORTS,"These increases were predominantly offset by the absence of the $7.9 billion net gain related to Visa shares recorded in the second quarter of 2024, as well as lower card income in the current year.",none
sec_JPM_0174,SUPPORTS,NOT ENOUGH INFO,"Accordingly, as of December 31, 2025, there is significant uncertainty regarding when the transfer restrictions on Visa B-2 shares may be terminated and what the final conversion rate for the Visa B-2 shares will be.",none
sec_JPM_0175,SUPPORTS,NOT ENOUGH INFO,"This exhibit shall not be deemed ""filed"" for purposes of Section 18 of the Securities Exchange Act of 1934, or otherwise subject to the liability of that Section.",none
sec_JPM_0176,SUPPORTS,NOT ENOUGH INFO,"Additionally, based upon management's assessment, the Firm determined that there were no material weaknesses in its internal control over financial reporting as of December 31, 2025.",none
sec_JPM_0177,SUPPORTS,NOT ENOUGH INFO,"The internal control framework promulgated by the Committee of Sponsoring Organizations of the Treadway Commission (""COSO""), ""Internal Control - Integrated Framework"" (""COSO 2013""), provides guidance for designing, implementing and conducting internal control and assessing its effectiveness.",none
sec_JPM_0178,SUPPORTS,NOT ENOUGH INFO,"The following table presents the components of the Firm's restricted cash: (a) Comprises $ 27.8 billion and $ 26.1 billion in deposits with banks, and $ 1.2 billion and $ 1.4 billion in cash and due from banks on the Consolidated balance sheets as of December 31, 2025 and 2024, respectively.",none
sec_JPM_0179,SUPPORTS,NOT ENOUGH INFO,Single-name: Single reference-entities SLR: Supplementary leverage ratio SMBS: Stripped mortgage-backed securities SOFR: Secured Overnight Financing Rate SPEs: Special purpose entities Stock Plan Administration: Relates to an equity plan administration business which was acquired in 2022 with the Firm's purchase of Global Shares.,none
sec_JPM_0180,SUPPORTS,REFUTES,"The Firm provided the following outlook information on January 13, 2026 in connection with announcing its results for the year and quarter ended December 31, 2025: Full-year 2026 Management expects net interest income to be approximately $103 billion and net interest income excluding Markets to be approximately $95 billion, market dependent.",none
sec_JPM_0181,SUPPORTS,SUPPORTS,"At December 31, 2025 and 2024, the cumulative amount of basis adjustments was $( 32 ) million and $( 1.7 ) billion, which is comprised of $ 641 million and $( 1.2 ) billion for active hedging relationships, and $( 673 ) million and $( 566 ) million for discontinued hedging relationships, respectively.",none
sec_JPM_0182,SUPPORTS,NOT ENOUGH INFO,"2024 $ 1.9 billion of net gains on assets, predominantly driven by gains in net interest rate derivative receivables due to market movements and gains in MSRs reflecting lower prepayment speeds on higher rates.",none
sec_JPM_0183,SUPPORTS,SUPPORTS,"The year ended December 31, 2024 included the impact of the CECL capital transition provisions.",none
sec_JPM_0184,SUPPORTS,NOT ENOUGH INFO,"In December 2025, the OCC issued a proposed rulemaking to amend its heightened standards guidelines, which would continue to apply to JPMorgan Chase Bank, N.A., by raising the asset threshold at which the guidelines apply to covered banks.",none
sec_JPM_0185,SUPPORTS,NOT ENOUGH INFO,"In addition, the rule made corresponding adjustments to the leverage-based total loss-absorbing capacity (""TLAC"") and eligible long-term debt (""eligible LTD"") requirements by replacing the former TLAC leverage buffer with the eSLR buffer and replacing the former static leverage-based eligible LTD requirement with a requirement of 2.5% plus the eSLR buffer.",none
sec_JPM_0186,SUPPORTS,NOT ENOUGH INFO,"Consolidated balance sheets analysis The following is a discussion of the significant changes between December 31, 2025 and 2024.",none
sec_JPM_0187,SUPPORTS,NOT ENOUGH INFO,"The Firm provided new and renewed credit and raised capital for wholesale and consumer clients during 2025, consisting of approximately: (a) Includes Individuals and Individual Entities primarily consisting of Global Private Bank clients within AWM.",none
sec_JPM_0188,SUPPORTS,NOT ENOUGH INFO,"Changes in level 3 fair value measurements using significant unobservable inputs Investments classified in level 3 of the fair value hierarchy increased in 2025 to $ 4.2 billion, due to $ 361 million in unrealized gains, partially offset by $ 58 million in sales, $ 52 million of transfers out, and $ 46 million in settlements.",none
sec_JPM_0189,SUPPORTS,REFUTES,"For the year ended December 31, 2023, stockholders' equity reflected the tax effect associated with the Firm's adoption of the TDR accounting guidance.",none
sec_JPM_0190,SUPPORTS,NOT ENOUGH INFO,"JPMorgan Chase & Co. Consolidated balance sheets (a) The following table presents information on assets and liabilities related to VIEs that are consolidated by the Firm at December 31, 2025 and 2024.",none
sec_JPM_0191,SUPPORTS,REFUTES,"Active and suspended foreclosure At December 31, 2025 and 2024, the Firm had retained residential real estate loans, excluding those insured by U.S. government agencies, with a carrying value of $ 575 million and $ 576 million, respectively, that were not included in REO, but were in the process of active or suspended foreclosure.",none
sec_JPM_0192,SUPPORTS,NOT ENOUGH INFO,"As of December 31, 2025 and 2024, the Firm held undivided interests in Firm-sponsored credit card securitization trusts of $ 5.4 billion and $ 6.6 billion, respectively.",none
sec_JPM_0193,SUPPORTS,NOT ENOUGH INFO,"Geographic composition and current estimated loan-to-value ratio of residential real estate loans At December 31, 2025, $213.1 billion, or 70%, of the total retained residential real estate loan portfolio, was concentrated in California, New York, Florida, Texas and Massachusetts, compared to $217.7 billion, or 70%, at December 31, 2024.",none
sec_JPM_0194,SUPPORTS,SUPPORTS,"Recognizing that forecasts of macroeconomic conditions are inherently uncertain, the Firm believes that its process to consider the available information and associated risks and uncertainties is appropriately governed and that its estimates of expected credit losses were reasonable and appropriate for the year ended December 31, 2025 .",none
sec_JPM_0195,SUPPORTS,NOT ENOUGH INFO,"As of December 31, 2025, J.P. Morgan Securities plc was compliant with its MREL requirements.",none
sec_JPM_0196,SUPPORTS,NOT ENOUGH INFO,"Notes to consolidated financial statements At December 31, 2025 , the investment securities portfolio consisted of debt securities with an average credit rating of AA+ (based upon external ratings where available, and where not available, based primarily upon internal risk ratings).",none
sec_JPM_0197,SUPPORTS,SUPPORTS,"GSIB Surcharge and TLAC and Eligible LTD Requirements In July 2023, the Federal Reserve released a proposal to amend the calculation of the GSIB surcharge.",none
sec_JPM_0198,SUPPORTS,NOT ENOUGH INFO,"In September 2025, the United States District Court for the Southern District of New York granted summary judgment in favor of the defendants on all remaining claims related to U.S. dollar LIBOR, decertified the class, and dismissed all claims in their entirety with prejudice to refiling.",none
sec_JPM_0199,SUPPORTS,SUPPORTS,"The dividend rate for each quarterly dividend period commencing on April 1, 2025 was three-month term SOFR plus the spread of 2.745 %.",none
sec_JPM_0200,SUPPORTS,NOT ENOUGH INFO,"At January 1, 2026, the Parent Company's principal banking subsidiary, JPMorgan Chase Bank, N.A., could pay approximately $ 30.1 billion in dividends to the Parent Company without the prior approval of its relevant banking regulators.",none
sec_JPM_0201,SUPPORTS,NOT ENOUGH INFO,"Total net revenue was $182.4 billion, up 3%, reflecting: - Net interest income (""NII"") of $95.4 billion, up 3%, driven by higher Markets net interest income, higher revolving balances in Card Services, higher wholesale deposit balances, and the impact of investment securities activity.",none
sec_JPM_0202,SUPPORTS,NOT ENOUGH INFO,"For the three months ended December 31, 2025, both the Firm and JPMorgan Chase Bank, N.A.",none
sec_KO_0203,SUPPORTS,SUPPORTS,"The target allocation for the remaining 38 % of our non-U.S. plans is broadly characterized as a mix of approximately 74 % fixed-income securities (including insurance contracts); 18 % mutual, pooled and commingled funds; 6 % equity securities; and 2 % other investments as of December 31, 2025.",none
sec_KO_0204,SUPPORTS,NOT ENOUGH INFO,"48 In 2025, fluctuations in foreign currency exchange rates, including the effects of our hedging activities, unfavorably impacted consolidated operating income by 12% due to a stronger U.S. dollar compared to certain foreign currencies, including the Mexican peso, Argentine peso, Brazilian real and Turkish lira, which had an unfavorable impact on our Latin America and EMEA operating segments.",none
sec_KO_0205,SUPPORTS,REFUTES,"Loss carryforwards of $ 340 million must be utilized within the next five years, and the remainder can be utilized over a period greater than five years.",none
sec_KO_0206,SUPPORTS,SUPPORTS,"In addition, the Company recorded net charges of $21 million and $92 million during the years ended December 31, 2025 and 2024, respectively, which represent the Company's proportionate share of significant operating and nonoperating items recorded by certain of our equity method investees.",none
sec_KO_0207,SUPPORTS,NOT ENOUGH INFO,"50 Based on current tax laws, including the impact of several countries enacting global minimum tax regulations, the Company's effective tax rate in 2026 is expected to be approximately 20.9%, before considering the potential impact of any significant operating and nonoperating items that may affect our effective tax rate.",none
sec_KO_0208,SUPPORTS,SUPPORTS,"In 2024, other income (loss) - net was income of $1,992 million.",none
sec_KO_0209,SUPPORTS,NOT ENOUGH INFO,"As of December 31, 2024, the carrying value and fair value of our long-term debt, including the current portion, were $ 43,023 million and $ 38,052 million, respectively.",none
sec_KO_0210,SUPPORTS,SUPPORTS,"The Company's EMEA operating segment reported operating income of $4,298 million and $4,255 million for the years ended December 31, 2025 and 2024, respectively.",none
sec_KO_0211,SUPPORTS,NOT ENOUGH INFO,"In 2024, the Company invested $ 226 million in limited partnerships that receive tax credits and other tax benefits by constructing, owning and operating alternative energy generation facilities.",none
sec_KO_0212,SUPPORTS,NOT ENOUGH INFO,"Interest Expense Interest expense was $1,654 million in 2025, compared to $1,656 million in 2024, a decrease of $2 million.",none
sec_KO_0213,SUPPORTS,REFUTES,"Gross transfers between levels within the hierarchy were not significant for the years ended December 31, 2025 and 2024.",none
sec_KO_0214,SUPPORTS,REFUTES,"For the year ended December 31, 2025, one bottler accounted for 10% of our net operating revenues, which are reflected in our EMEA and Asia Pacific operating segments.",none
sec_KO_0215,SUPPORTS,NOT ENOUGH INFO,"In June 2025, the G7 released a statement announcing an understanding of a potential side-by-side system approach to the Pillar Two framework that would exclude U.S.-parented groups from certain Pillar Two provisions in recognition of existing U.S. minimum tax rules.",none
sec_KO_0216,SUPPORTS,NOT ENOUGH INFO,"The total impact of foreign currency exchange rate fluctuations on net operating revenues, including the effect of our hedging activities, was a decrease of 2% and 5% in 2025 and 2024, respectively.",none
sec_KO_0217,SUPPORTS,NOT ENOUGH INFO,"As of December 31, 2025, no investment manager was responsible for more than 24 % of total U.S. pension plan assets.",none
sec_KO_0218,SUPPORTS,REFUTES,"5 During the years ended December 31, 2025 and 2024, the Company recorded other-than-temporary impairment charges of $ 40 million and $ 34 million, respectively, related to an equity method investee in Latin America.",none
sec_KO_0219,SUPPORTS,NOT ENOUGH INFO,"Management assessed the effectiveness of the Company's internal control over financial reporting as of December 31, 2025.",none
sec_KO_0220,SUPPORTS,NOT ENOUGH INFO,"On October 30, 2024, Los Angeles County Counsel filed a lawsuit against the Company, Reyes Coca-Cola Bottling, LLC, as well as other unrelated parties (collectively, ""Defendants"") in the Superior Court for the State of California for the County of Los Angeles (""Superior Court"") concerning the environmental impacts of plastic packaging on coastal areas and waterways.",none
sec_KO_0221,SUPPORTS,NOT ENOUGH INFO,"Pursuant to the requirements of the Securities Exchange Act of 1934, this report has been signed below by the following persons on behalf of the Registrant and in the capacities and on the dates indicated.",none
sec_KO_0222,SUPPORTS,SUPPORTS,"During 2024, the Company received tax credits and other income tax benefits of $ 323 million and recognized amortization expense of $ 308 million related to these investments.",none
sec_KO_0223,SUPPORTS,NOT ENOUGH INFO,"The Company estimates that the potential aggregate remaining incremental tax and interest liability for the tax years 2010 through 2025 could be approximately $14 billion as of December 31, 2025.",none
sec_KO_0224,SUPPORTS,SUPPORTS,"101 Income taxes consisted of the following (in millions): Net income tax payments after the prospective adoption of ASU 2023-09, as described in Note 1, consisted of the following (in millions): 1 The Company's U.S. federal payments were reduced by foreign tax credits, general business credits and prior year overpayments.",none
sec_KO_0225,SUPPORTS,NOT ENOUGH INFO,"The number of shares outstanding of the Registrant's Common Stock as of February 18, 2026 was 4,300,723,069 .",none
sec_KO_0226,SUPPORTS,REFUTES,"As of December 31, 2025, we were not directly liable for the debt of any unconsolidated entity.",none
sec_KO_0227,SUPPORTS,NOT ENOUGH INFO,"With applicable interest, the total liability for the 2007 through 2009 tax years resulting from the Tax Court's decision is $ 6.0 billion, for which the IRS issued the Company invoices on September 3, 2024.",none
sec_KO_0228,SUPPORTS,NOT ENOUGH INFO,"The Company's expense for these plans totaled $ 89 million, $ 85 million and $ 82 million in 2025, 2024 and 2023, respectively.",none
sec_KO_0229,SUPPORTS,SUPPORTS,"NOTE 18: SIGNIFICANT OPERATING AND NONOPERATING ITEMS Other Operating Charges In 2025, the Company recorded other operating charges of $ 1,261 million.",none
sec_KO_0230,SUPPORTS,REFUTES,"In that event, the Company would not receive a refund of the applicable portion or all of the $ 6.0 billion it paid in response to the IRS invoices issued in September 2024 and the related accrued interest receivable of $ 385 million as of December 31, 2025.",none
sec_KO_0231,SUPPORTS,NOT ENOUGH INFO,"During 2023, proceeds from disposals of businesses, equity method investments and nonmarketable securities totaled $ 430 million, which primarily related to the sale of our ownership interest in an equity method investee in Indonesia to CCEP, for which we received cash proceeds of $ 302 million and recognized a gain of $ 12 million.",none
sec_KO_0232,SUPPORTS,NOT ENOUGH INFO,"Acquisitions of Businesses, Equity Method Investments and Nonmarketable Securities In 2025 and 2024, the Company's acquisitions of businesses, equity method investments and nonmarketable securities totaled $461 million and $315 million, respectively.",none
sec_KO_0233,SUPPORTS,SUPPORTS,"As of December 31, 2025, the projected benefit obligation of the U.S. qualified pension plan was $3,907 million, and the fair value of the plan assets was $3,896 million.",none
sec_KO_0234,SUPPORTS,SUPPORTS,"The Company sold Aqua-Chem to Lyonnaise American Holding, Inc., in 1981 under the terms of a stock sale agreement.",none
sec_KO_0235,SUPPORTS,SUPPORTS,"Assets and Liabilities Held for Sale In August 2025, the Company's finished product operations in Nigeria, which were included in the EMEA operating segment, met the criteria to be classified as held for sale.",none
sec_KO_0236,SUPPORTS,NOT ENOUGH INFO,"2 In February 2019, the Company publicly announced that our Board of Directors had authorized a plan (""2019 Plan"") for the Company to purchase up to 150 million shares of our common stock.",none
sec_KO_0237,SUPPORTS,NOT ENOUGH INFO,"Unit case volume in North America decreased 1%, which included a 1% decline in Trademark Coca-Cola, a 2% decline in juice, value-added dairy and plant-based beverages and a 1% decline in sparkling flavors, partially offset by growth in energy drinks.",none
sec_KO_0238,SUPPORTS,REFUTES,"Asia Pacific's operating income for the years ended December 31, 2025 and 2024 was $2,042 million and $2,156 million, respectively.",none
sec_KO_0239,SUPPORTS,REFUTES,7 The Company had the right to reclaim $ 735 million in cash collateral it had netted against its derivative position.,none
sec_KO_0240,SUPPORTS,SUPPORTS,"94 The following table summarizes information about vested performance share units based on the certified award level: The total intrinsic value of performance share units that were released was $ 199 million, $ 214 million and $ 244 million in 2025, 2024 and 2023, respectively.",none
sec_KO_0241,SUPPORTS,NOT ENOUGH INFO,"During the three months ended March 29, 2024, the Company recorded an impairment charge of $760 million due to revised projections of future operating results as well as higher discount rates resulting from changes in macroeconomic conditions since the acquisition date.",none
sec_KO_0242,SUPPORTS,NOT ENOUGH INFO,"During 2024, proceeds from disposals of businesses, equity method investments and nonmarketable securities totaled $ 3,485 million.",none
sec_KO_0243,SUPPORTS,NOT ENOUGH INFO,"There were no interest rate contracts used as economic hedges as of December 31, 2025 and 2024.",none
sec_KO_0244,SUPPORTS,REFUTES,"Operating loss in 2025 decreased primarily as a result of lower other operating charges due to the prior year remeasurement of our contingent consideration liability to fair value in conjunction with the fairlife acquisition, lower commodity costs, lower marketing expenses and lower contributions to The Coca-Cola Foundation.",none
sec_MSFT_0245,SUPPORTS,REFUTES,Microsoft and OpenAI maintain a long-term strategic partnership originally established in 2019.,none
sec_MSFT_0246,SUPPORTS,NOT ENOUGH INFO,The OBBBA provides a U.S. global intangible low-taxed income effective tax rate of 14% effective fiscal year 2027 for Microsoft.,none
sec_MSFT_0247,SUPPORTS,SUPPORTS,"It also provides bonus depreciation for certain assets placed into service after January 19, 2025 and an election to expense U.S. incurred research or experimental expenditures.",none
sec_MSFT_0248,SUPPORTS,NOT ENOUGH INFO,"Employer-funded retirement benefits for all plans were $ 1.8 billion, $ 1.7 billion, and $ 1.6 billion in fiscal years 2025, 2024, and 2023, respectively, and were expensed as contributed.",none
sec_MSFT_0249,SUPPORTS,NOT ENOUGH INFO,"Enterprise and partner services revenue increased $166 million or 2% driven by growth in Enterprise Support Services, offset in part by a decline in Industry Solutions.",none
sec_MSFT_0250,SUPPORTS,NOT ENOUGH INFO,"Cash, Cash Equivalents, and Investments Cash, cash equivalents, and short-term investments totaled $94.6 billion and $75.5 billion as of June 30, 2025 and 2024, respectively.",none
sec_MSFT_0251,SUPPORTS,NOT ENOUGH INFO,"As of June 30, 2025, $57.3 billion remained of our $60 billion share repurchase program.",none
sec_MSFT_0252,SUPPORTS,SUPPORTS,39 PART II Item 7 Intelligent Cloud Revenue increased $18.8 billion or 21%.,none
sec_MSFT_0253,SUPPORTS,NOT ENOUGH INFO,"100 SIGNAT URES Pursuant to the requirements of Section 13 or 15(d) of the Securities Exchange Act of 1934, the Registrant has duly caused this report to be signed on its behalf by the undersigned; thereunto duly authorized, in the City of Redmond, State of Washington, on July 30, 2025.",none
sec_MSFT_0254,SUPPORTS,NOT ENOUGH INFO,"Since joining Microsoft in 1992, Mr. Nadella's roles also included Vice President of the Business Division.",none
sec_MSFT_0255,SUPPORTS,SUPPORTS,"On July 24, 2025, there were 77,014 registered holders of record of our common stock.",none
sec_MSFT_0256,SUPPORTS,NOT ENOUGH INFO,"40 PART II Item 7 Fiscal Year 2025 Compared with Fiscal Year 2024 Research and development expenses increased $3.0 billion or 10% driven by investments in cloud and AI engineering and Gaming, including the impact of the Activision Blizzard acquisition.",none
sec_MSFT_0257,SUPPORTS,NOT ENOUGH INFO,"As of June 30, 2025 and 2024, our financing receivables, net were $ 4.3 billion and $ 4.5 billion, respectively, for short-term and long-term financing receivables, which are included in other current assets and other long-term assets in our consolidated balance sheets.",none
sec_MSFT_0258,SUPPORTS,NOT ENOUGH INFO,"During fiscal year 2024, the Company received Notices of Proposed Adjustments (""NOPAs"") for the tax years 2004 to 2013, primarily related to intercompany transfer pricing.",none
sec_MSFT_0259,SUPPORTS,NOT ENOUGH INFO,"As of June 30, 2025, we accrued aggregate legal liabilities of $ 541 million.",none
sec_MSFT_0260,SUPPORTS,NOT ENOUGH INFO,"The following table outlines the estimated future amortization expense related to intangible assets held as of June 30, 2025: 72 PART II Item 8 NOTE 10 - DEBT Short-term Debt As of June 30, 2025, we had no commercial paper issued or outstanding.",none
sec_MSFT_0261,SUPPORTS,NOT ENOUGH INFO,"Equity investments measured using the equity method were $ 6.0 billion as of both June 30, 2025 and 2024.",none
sec_MSFT_0262,SUPPORTS,SUPPORTS,"Since joining Microsoft in 1997, Mr. Numoto has held multiple roles in Windows Program Management and Office Marketing.",none
sec_MSFT_0263,SUPPORTS,NOT ENOUGH INFO,38 PART II Item 7 SEGMENT RESULTS OF OPERATIONS Reportable Segments Fiscal Year 2025 Compared with Fiscal Year 2024 Productivity and Business Processes Revenue increased $14.0 billion or 13%.,none
sec_MSFT_0264,SUPPORTS,NOT ENOUGH INFO,"In fiscal years 2025, 2024, and 2023, our foreign regional operating center in Ireland, which is taxed at a rate lower than the U.S. rate, generated 81 %, 83 %, and 81 % of our foreign income before tax.",none
sec_MSFT_0265,SUPPORTS,NOT ENOUGH INFO,"Recast of Certain Prior Period Information In August 2024, we announced changes to the composition of our segments.",none
sec_MSFT_0266,SUPPORTS,NOT ENOUGH INFO,Operating expenses increased $1.1 billion or 4% driven by investments in cloud and AI engineering and commercial sales.,none
sec_MSFT_0267,SUPPORTS,NOT ENOUGH INFO,"76 PART II Item 8 Changes in unearned revenue were as follows: Revenue allocated to remaining performance obligations, which includes unearned revenue and amounts that will be invoiced and recognized as revenue in future periods, was $ 375 billion as of June 30, 2025, of which $ 368 billion is related to the commercial portion of revenue.",none
sec_MSFT_0268,SUPPORTS,NOT ENOUGH INFO,"The table below shows a summary of the square footage of our properties owned and leased domestically and internationally as of June 30, 2025: ITEM 3.",none
sec_MSFT_0269,SUPPORTS,NOT ENOUGH INFO,Operating expenses increased $1.5 billion or 7% driven by investments in cloud and AI engineering.,none
sec_MSFT_0270,SUPPORTS,NOT ENOUGH INFO,"The decrease in our effective tax rate for fiscal year 2024 compared to fiscal year 2023 was primarily due to tax benefits from tax law changes, including the delay of the effective date of final foreign tax credit regulations.",none
sec_MSFT_0271,SUPPORTS,SUPPORTS,"Prior to that, he served as President and Chief Legal Officer since September 2015.",none
sec_MSFT_0272,SUPPORTS,NOT ENOUGH INFO,Our operations in Ireland remain subject to examination for tax years 2020 and thereafter .,none
sec_MSFT_0273,SUPPORTS,NOT ENOUGH INFO,"Employees purchased the following shares during the periods presented: As of June 30, 2025, 62 million shares of our common stock were reserved for future issuance through the ESPP.",none
sec_MSFT_0274,SUPPORTS,REFUTES,"Shares repurchased during the fourth quarter of fiscal year 2025 were under the share repurchase programs approved on September 14, 2021 and September 16, 2024.",none
sec_MSFT_0275,SUPPORTS,NOT ENOUGH INFO,Cost of revenue increased $346 million or 1% driven by growth in Search and news advertising.,none
sec_MSFT_0276,SUPPORTS,REFUTES,Mr. Althoff joined Microsoft in March 2013 as President of Microsoft North America.,none
sec_MSFT_0277,SUPPORTS,NOT ENOUGH INFO,"Other reconciling items, net consists primarily of tax credits and the U.S. global intangible low-taxed income tax, and in fiscal year 2024, includes tax benefits from tax law changes.",none
sec_MSFT_0278,SUPPORTS,NOT ENOUGH INFO,Operating income increased $19.1 billion or 17% with growth across each of our segments.,none
sec_MSFT_0279,SUPPORTS,NOT ENOUGH INFO,The tax benefits recognized in the financial statements from such a position are measured based on the largest benefit that has a greater than 50% likelihood of being realized upon ultimate settlement.,none
sec_MSFT_0280,SUPPORTS,NOT ENOUGH INFO,INCOME TAXES Effective Tax Rate Our effective tax rate for both fiscal years 2025 and 2024 was 18%.,none
sec_MSFT_0281,SUPPORTS,SUPPORTS,"The Company remains under IRS audit, or subject to IRS audit, for tax years subsequent to 2003.",none
sec_MSFT_0282,SUPPORTS,NOT ENOUGH INFO,We expect to recognize approximately 40 % of our total company remaining performance obligation revenue over the next 12 months and the remainder thereafter.,none
sec_MSFT_0283,SUPPORTS,NOT ENOUGH INFO,These leases will commence between fiscal year 2026 and fiscal year 2031 with lease terms of 1 year to 20 years.,none
sec_MSFT_0284,SUPPORTS,NOT ENOUGH INFO,"As of June 30, 2025, $ 57.3 billion remained of this $ 60.0 billion share repurchase program.",none
sec_MSFT_0285,SUPPORTS,NOT ENOUGH INFO,"As of June 30, 2025, we had federal, state, and foreign net operating loss carryforwards of $ 390 million, $ 836 million, and $ 2.6 billion, respectively.",none
sec_MSFT_0286,SUPPORTS,NOT ENOUGH INFO,"Cash Flows Cash from operations increased $17.6 billion to $136.2 billion for fiscal year 2025, primarily due to an increase in cash received from customers, offset in part by an increase in cash paid to suppliers and employees and cash used to pay income taxes.",none
sec_NVDA_0287,SUPPORTS,NOT ENOUGH INFO,"Code of Conduct Information regarding our Code of Conduct required by this item will be contained in our 2026 Proxy Statement under the caption ""Information About the Board of Directors and Corporate Governance - Code of Conduct,"" and is hereby incorporated by reference.",none
sec_NVDA_0288,SUPPORTS,REFUTES,"In January 2026, we increased the size of our commercial paper program from $ 575 million to $ 25.0 billion.",none
sec_NVDA_0289,SUPPORTS,SUPPORTS,We estimate that one AI research and deployment company contributed to a meaningful amount of our revenue purchasing cloud services from our customers in fiscal year 2026.,none
sec_NVDA_0290,SUPPORTS,NOT ENOUGH INFO,"Short-term and variable lease costs for fiscal years 2026, 2025, and 2024 were not significant.",none
sec_NVDA_0291,SUPPORTS,REFUTES,"Our acquisition of Mellanox in 2020 expanded our offerings to include networking, enabled our platforms to be data center scale, and led to the introduction of a new processor class - the data processing unit, or DPU.",none
sec_NVDA_0292,SUPPORTS,SUPPORTS,"We generate a significant amount of our revenue from a limited number of indirect customers, and we estimate some individually representing 10% or more of our revenue.",none
sec_NVDA_0293,SUPPORTS,NOT ENOUGH INFO,"In May 2025, the USG announced that it would rescind the AI Diffusion IFR and implement a replacement rule.",none
sec_NVDA_0294,SUPPORTS,NOT ENOUGH INFO,"After briefing and argument, the Supreme Court dismissed NVIDIA's writ of certiorari as improvidently granted on December 11, 2024, and issued judgment on January 13, 2025.",none
sec_NVDA_0295,SUPPORTS,NOT ENOUGH INFO,"In fiscal years 2026 and 2025, the impact of foreign currency forward contracts designated as accounting hedges on other comprehensive income or loss was not significant and all such instruments were determined to be highly effective.",none
sec_NVDA_0296,SUPPORTS,NOT ENOUGH INFO,"As of January 25, 2026, we had federal capital loss carryforwards of $ 902 million that will begin to expire in fiscal year 2028.",none
sec_NVDA_0297,SUPPORTS,NOT ENOUGH INFO,Revenue from Data Center networking grew 142% driven by the introduction and continued ramp of NVLink compute fabric for GB200 and GB300 systems and the growth of Ethernet and InfiniBand platforms.,none
sec_NVDA_0298,SUPPORTS,NOT ENOUGH INFO,"Three direct customers accounted for 25 %, 18 %, and 13 % of our accounts receivable balance as of January 25, 2026.",none
sec_NVDA_0299,SUPPORTS,REFUTES,"On February 20, 2025, the Ninth Circuit's judgment, entered August 25, 2023 and corrected August 28, 2023, took effect, and the case was remanded to the district court for further proceedings.",none
sec_NVDA_0300,SUPPORTS,NOT ENOUGH INFO,"Cash used in investing activities increased in fiscal year 2026 compared to fiscal year 2025, primarily driven by higher purchases of equity investment securities and the execution of a non-exclusive license agreement with Groq.",none
sec_NVDA_0301,SUPPORTS,SUPPORTS,"With support for 6,000 applications, NVIDIA computing enables some of the most promising areas of discovery, from climate prediction to materials science and from wind tunnel simulation to genomics.",none
sec_NVDA_0302,SUPPORTS,NOT ENOUGH INFO,"As of January 25, 2026, the significant tax jurisdictions for which we are currently under examination include the United States, Germany, Hong Kong, India, Israel, and Taiwan for fiscal years 2014 through 2025.",none
sec_NVDA_0303,SUPPORTS,REFUTES,"For example, in October 2025, the Senate passed the ""GAIN AI Act"" in the NDAA.",none
sec_NVDA_0304,SUPPORTS,NOT ENOUGH INFO,"The U.S. Inflation Reduction Act of 2022 requires a 1% excise tax on certain share repurchases in excess of shares issued for employee compensation made after December 31, 2022.",none
sec_NVDA_0305,SUPPORTS,NOT ENOUGH INFO,"In January 2025, the USG published the AI Diffusion IFR in the Federal Register.",none
sec_NVDA_0306,SUPPORTS,NOT ENOUGH INFO,"In fiscal year 2023, we stopped direct sales to Russia and closed business operations in Russia.",none
sec_NVDA_0307,SUPPORTS,REFUTES,The impact of foreign currency transaction gain or loss included in determining net income was not significant for fiscal years 2026 and 2025.,none
sec_NVDA_0308,SUPPORTS,NOT ENOUGH INFO,"Issuer Purchases of Equity Securities On August 26, 2025, our Board of Directors approved an additional $60.0 billion in share repurchase authorization, without expiration.",none
sec_NVDA_0309,SUPPORTS,NOT ENOUGH INFO,"Human Capital Management As of the end of fiscal year 2026, we had approximately 42,000 employees in 38 countries; 31,000 were engaged in research and development and 11,000 were engaged in sales, marketing, operations, and administrative positions.",none
sec_NVDA_0310,SUPPORTS,REFUTES,"USG officials expressed an expectation that the USG will receive 15% or more of the revenue generated from licensed sales of our products, but the USG did not publish a regulation codifying such requirement.",none
sec_NVDA_0311,SUPPORTS,REFUTES,"Accounting for Loss Contingencies As of January 25, 2026, there are no accrued contingent liabilities associated with the legal proceedings described above based on our belief that liabilities, while reasonably possible, are not probable.",none
sec_NVDA_0312,SUPPORTS,NOT ENOUGH INFO,"As of January 25, 2026, the Company's consolidated inventories balance was $21.4 billion and the Company's consolidated outstanding inventory purchase and long-term supply and capacity obligations balance was $95.2 billion, of which a significant portion relates to inventory purchase obligations.",none
sec_NVDA_0313,SUPPORTS,NOT ENOUGH INFO,"As of January 26, 2025, our operating leases had a weighted average remaining lease term of 6.5 years and a weighted average discount rate of 4.16 %.",none
sec_NVDA_0314,SUPPORTS,NOT ENOUGH INFO,"Revenue from sales to customers headquartered outside of the United States accounted for 31% and 41% of total revenue for fiscal years 2026 and 2025, respectively.",none
sec_NVDA_0315,SUPPORTS,NOT ENOUGH INFO,"Operating expenses for fiscal year 2026 were up 41% from a year ago, driven by higher compensation and benefits expenses due to employee growth and compute and infrastructure costs.",none
sec_NVDA_0316,SUPPORTS,NOT ENOUGH INFO,"NVIDIA filed a petition for a writ of certiorari on March 4, 2024.",none
sec_NVDA_0317,SUPPORTS,NOT ENOUGH INFO,"Cash used in financing activities increased in fiscal year 2026 compared to fiscal year 2025, mainly due to higher share repurchases.",none
sec_NVDA_0318,SUPPORTS,NOT ENOUGH INFO,"The estimated product returns and product warranty activity consisted of the following: In fiscal years 2026, 2025, and 2024 the additions in product warranty liabilities primarily related to our Compute & Networking segment.",none
sec_NVDA_0319,SUPPORTS,NOT ENOUGH INFO,"As of January 25, 2026, we had U.S. federal, state and foreign net operating loss carryforwards of $ 747 million, $ 427 million and $ 503 million, respectively.",none
sec_NVDA_0320,SUPPORTS,NOT ENOUGH INFO,"Income tax as a percentage of income before income tax was an expense of 15.1% and 13.3% for fiscal years 2026 and 2025, respectively.",none
sec_NVDA_0321,SUPPORTS,REFUTES,Net unrealized gains on investments in publicly-held equity securities held at period end were not significant for fiscal years 2025 and 2024.,none
sec_NVDA_0322,SUPPORTS,NOT ENOUGH INFO,"We recorded $ 14.4 billion of goodwill and a $ 2.5 billion developed technology intangible asset, valued using a cost‑to‑recreate methodology with a five‑year useful life.",none
sec_NVDA_0323,SUPPORTS,NOT ENOUGH INFO,"During fiscal year 2026 and fiscal year 2025, we spent $6.1 billion and $3.4 billion on capital expenditures, respectively.",none
sec_NVDA_0324,SUPPORTS,REFUTES,"Under our agreement with Microsoft for the Xbox, if someone makes an offer to purchase at least 30% of our outstanding common stock, Microsoft may have first and last rights of refusal to purchase the stock.",none
sec_NVDA_0325,SUPPORTS,NOT ENOUGH INFO,The increase in revenue to the United States for fiscal years 2026 and 2025 was primarily due to higher U.S.-based Compute & Networking segment demand.,none
sec_NVDA_0326,SUPPORTS,NOT ENOUGH INFO,"Information About Our Executive Officers The following sets forth certain information regarding our executive officers, their ages, and positions as of February 20, 2026: Jen-Hsun Huang co-founded NVIDIA in 1993 and has served as our President, Chief Executive Officer, and a member of the Board of Directors since our inception.",none
sec_NVDA_0327,SUPPORTS,NOT ENOUGH INFO,"As of January 26, 2025, the total carrying amount of goodwill was $ 5.2 billion, consisting of goodwill balances allocated to our Compute & Networking and Graphics reporting units of $ 4.8 billion and $ 370 million, respectively.",none
sec_NVDA_0328,SUPPORTS,SUPPORTS,"In 2023, we introduced our first data center CPU, Grace, built for giant-scale AI and high-performance computing, or HPC.",none
sec_PFE_0329,SUPPORTS,NOT ENOUGH INFO,"As of December 31, 2024, short-term equity securities included our previous investment in Haleon of $ 6.5 billion.",none
sec_PFE_0330,SUPPORTS,NOT ENOUGH INFO,"Pharmacia then transferred its agricultural operations to a newly created subsidiary, named Monsanto Company (New Monsanto), which it spun off in a two-stage process that was completed in 2002.",none
sec_PFE_0331,SUPPORTS,SUPPORTS,"Most provisions are expected to apply from 2028, following a two-year transition period.",none
sec_PFE_0332,SUPPORTS,NOT ENOUGH INFO,"From the start of this program through December 31, 2025, we incurred total costs of $ 4.2 billion, of which $ 3.2 billion is associated with our Biopharma segment (including $ 2.9 billion of restructuring charges).",none
sec_PFE_0333,SUPPORTS,NOT ENOUGH INFO,"In this analysis, holding all other assumptions constant and assuming a parallel shift in the interest rate curve for all maturities and for all instruments, if there were a one hundred basis point change in interest rates as of December 31, 2025, the expected impact on our net income would not be significant.",none
sec_PFE_0334,SUPPORTS,NOT ENOUGH INFO,"In August 2023, CMS selected Eliquis for the MDPNP, and its government-set Maximum Fair Price became effective January 1, 2026.",none
sec_PFE_0335,SUPPORTS,REFUTES,"In March 2024, we sold approximately 30 % of our investment in Haleon through the sale of 791 million ordinary shares in a global public offering, and the sale of 102 million ordinary shares directly to Haleon, for $ 3.5 billion.",none
sec_PFE_0336,SUPPORTS,NOT ENOUGH INFO,"We recorded charges related to the employer contributions to global defined contribution plans of $ 854 million in 2025, $ 800 million in 2024 and $ 843 million in 2023.",none
sec_PFE_0337,SUPPORTS,NOT ENOUGH INFO,"In addition to the open audit years in the U.S., we have open audit years and certain related audits, appeals and investigations in certain major international tax jurisdictions such as Canada (2017-2025), Europe (2016-2025, primarily in Ireland, the U.K., France, Italy, Spain and Germany), Asia Pacific (2015-2025, primarily in Australia, China and Singapore) and Latin America (1998-2025, primarily in Brazil).",none
sec_PFE_0338,SUPPORTS,SUPPORTS,The reduction to Research and development expenses in 2025 was $ 102 million.,none
sec_PFE_0339,SUPPORTS,REFUTES,"We expect to generate approximately $1 billion of annual cost synergies, to be achieved by the end of 2026, with approximately $800 million of annual cost synergies achieved by year-end 2025.",none
sec_PFE_0340,SUPPORTS,NOT ENOUGH INFO,"SIGNATURES Under the requirements of Section 13 or 15(d) of the Securities Exchange Act of 1934, this report was signed on behalf of the Registrant by the authorized person named below.",none
sec_PFE_0341,SUPPORTS,SUPPORTS,"Following potential regulatory approval, Blackstone will be eligible to receive a combination of fixed milestone payments of up to $ 550 million in total based on achievement of certain levels of cumulative applicable net sales, as well as royalties based on a mid-to-high single digit percentage of the applicable net sales.",none
sec_PFE_0342,SUPPORTS,NOT ENOUGH INFO,"In February 2025, the federal cases were transferred for coordinated pre-trial proceedings to an MDL in the U.S. District Court for the Northern District of Florida.",none
sec_PFE_0343,SUPPORTS,NOT ENOUGH INFO,"Our effective tax rates for GAAP Reported income from continuing operations were: (3.5)% in 2025, (0.4)% in 2024 and (105.4)% in 2023.",none
sec_PFE_0344,SUPPORTS,REFUTES,Japan was our largest market outside the U.S. in 2023 (representing 6 % of total revenues).,none
sec_PFE_0345,SUPPORTS,SUPPORTS,"In 2023, Biopharma earnings included approximately $ 6.2 billion of inventory write-offs and related charges to Cost of sales mainly due to lower-than-expected demand for our COVID-19 products.",none
sec_PFE_0346,SUPPORTS,SUPPORTS,"Additionally, in connection with our efforts to simplify the structure and sharpen the focus of our R&D organization, in the first quarter of 2025, we expanded this program after having identified additional opportunities to drive improvements in productivity and operational efficiencies through enhanced digital enablement, including automation and AI, and simplification of business processes.",none
sec_PFE_0347,SUPPORTS,SUPPORTS,"Additionally, beginning with the 2025 performance year, the payout for performance share awards is determined in part by Adjusted diluted EPS, which is derived from Adjusted income.",none
sec_PFE_0348,SUPPORTS,NOT ENOUGH INFO,"As of December 31, 2025, Pfizer Global Supply (PGS) had responsibility for 36 manufacturing plants around the world, which manufacture products for our commercial divisions, including in Belgium, Germany, India, Ireland, Italy, Japan, Singapore and the U.S.",none
sec_PFE_0349,SUPPORTS,NOT ENOUGH INFO,Remaining performance obligations are based on foreign exchange rates as of the end of our fiscal fourth quarter of 2025 and exclude arrangements with an original expected contract duration of less than one year.,none
sec_PFE_0350,SUPPORTS,NOT ENOUGH INFO,"Revenues exceeded $500 million in each of 12 , 11 and 14 countries outside the U.S. in 2025, 2024 and 2023, respectively.",none
sec_PFE_0351,SUPPORTS,SUPPORTS,"In 2025 and 2024, these amounts were substantially all included in Other taxes payable.",none
sec_PFE_0352,SUPPORTS,SUPPORTS,"As of December 31, 2025, 313 million shares were available for future award.",none
sec_PFE_0353,SUPPORTS,REFUTES,"Financial Assets and Liabilities Not Measured at Fair Value on a Recurring Basis-- The carrying value of Long-term debt, excluding the current portion, was $ 62 billion as of December 31, 2025 and $ 57 billion as of December 31, 2024.",none
sec_PFE_0354,SUPPORTS,NOT ENOUGH INFO,"As of December 31, 2025, we had 245 owned and leased properties worldwide, amounting to approximately 36 million square feet.",none
sec_PFE_0355,SUPPORTS,SUPPORTS,The actual return on plan assets was $1.1 billion during 2025 .,none
sec_PFE_0356,SUPPORTS,NOT ENOUGH INFO,"Specifically, this program requires manufacturers to provide a 10% discount on branded prescriptions in the initial coverage phase and a 20% discount in the catastrophic phase.",none
sec_PFE_0357,SUPPORTS,NOT ENOUGH INFO,"Government Inquiries relating to Xeljanz In April 2023, we received a HIPAA subpoena issued by the U.S. Attorney's Office for the Western District of Virginia, in coordination with the Department of Justice's Commercial Litigation Branch, seeking records and information related to programs Pfizer sponsored in retail pharmacies relating to Xeljanz.",none
sec_PFE_0358,SUPPORTS,SUPPORTS,"We have carryforwards, primarily related to net operating and capital losses, general business credits, foreign tax credits and charitable contributions, which are available to reduce future U.S. federal and/or state, as well as international, income taxes payable with either an indefinite life or expiring at various times from 2026 to 2045.",none
sec_PFE_0359,SUPPORTS,REFUTES,"As these earnings are intended to be indefinitely reinvested overseas, the determination of a hypothetical unrecognized deferred tax liability as of December 31, 2025 is not practicable.",none
sec_PFE_0360,SUPPORTS,NOT ENOUGH INFO,"Based on year-end foreign exchange rates that are subject to change, we expect to reclassify a pre-tax loss of $ 16 million within the next 12 months into income .",none
sec_PFE_0361,SUPPORTS,NOT ENOUGH INFO,ANALYSIS OF THE CONSOLIDATED STATEMENTS OF OPERATIONS Total Revenues by Geography 2025 v. 2024 See the Total Revenues--Selected Product Discussion section within MD&A for additional analysis and Note 17C .,none
sec_PFE_0362,SUPPORTS,NOT ENOUGH INFO,"Agreement with the U.S. Government -- In September 2025, we announced an agreement with the Trump Administration in which we voluntarily agreed to implement measures designed to make certain drug prices for U.S. patients more comparable to those in other developed countries and also allow U.S. patients to purchase certain medicines at significant discounts to current retail prices.",none
sec_PFE_0363,SUPPORTS,NOT ENOUGH INFO,"Orgovyx (relugolix) Beginning in January 2025, several generic companies notified us that they had filed ANDAs with the FDA seeking approval to sell a generic form of relugolix (Orgovyx), and challenging one or more patents listed in the FDA's Orange Book for Orgovyx which are licensed to Pfizer.",none
sec_PFE_0364,SUPPORTS,NOT ENOUGH INFO,"In the first quarter of 2025, we sold the remaining portion of our investment in Haleon for $ 6.3 billion.",none
sec_PFE_0365,SUPPORTS,NOT ENOUGH INFO,2024 v. 2023 The tax benefit of $ 28 million for 2024 compared to the tax benefit of $ 1.1 billion for 2023 was primarily a result of changes in the jurisdictional mix of earnings partially offset by a tax benefit related to the Transition Tax liability under the TCJA.,none
sec_PFE_0366,SUPPORTS,NOT ENOUGH INFO,"We owned 32 % of Haleon as of December 31, 2023.",none
sec_PFE_0367,SUPPORTS,SUPPORTS,"Through the third quarter of 2024, we accounted for our Haleon investment under the equity method and recorded our share of earnings from Haleon on a quarterly basis on a one-quarter lag in Other (income)/deductions--net .",none
sec_PFE_0368,SUPPORTS,NOT ENOUGH INFO,"Effective in the third quarter of 2025, certain expenses for corporate affairs, such as for U.S. policy and government relations, which were previously reported in the operating results of corporate enabling functions, are reported in the operating results of our Biopharma reportable segment.",none
sec_PFE_0369,SUPPORTS,REFUTES,"Pfizer has not sold Zantac since 2006, and only sold an OTC version of the product.",none
sec_PFE_0370,SUPPORTS,NOT ENOUGH INFO,"In April 2024, GlaxoSmithKline Biologicals SA and GlaxoSmithKline LLC (collectively, GSK Group) sued Pfizer and Pharmacia & Upjohn Company LLC, BioNTech, BioNTech Manufacturing GmbH and BioNTech US Inc. in the U.S. District Court for the District of Delaware, alleging that Comirnaty infringes five U.S. patents and seeking unspecified money damages.",none
sec_T_0371,SUPPORTS,NOT ENOUGH INFO,"Cash Provided by Operating Activities During 2025, cash provided by operating activities was $40,284, compared to $38,771 in 2024, driven by operational growth and lower cash tax payments.",none
sec_T_0372,SUPPORTS,REFUTES,"Our Communications segment operating income margin was 23.1% in 2025, 23.0% in 2024 and 23.6% in 2023.",none
sec_T_0373,SUPPORTS,NOT ENOUGH INFO,"On August 1, 2024, the Sixth Circuit issued a stay of the FCC order pending review of the appeals, holding that broadband providers are likely to succeed on the merits.",none
sec_T_0374,SUPPORTS,NOT ENOUGH INFO,"Operations and support expenses increased in 2025, primarily due to higher sales volumes, which drove higher equipment, advertising, selling and bad debt expenses.",none
sec_T_0375,SUPPORTS,NOT ENOUGH INFO,We reference in our Forms 10-Q and 10-K certain environmental proceedings that could result in monetary sanctions (exclusive of interest and costs) of three hundred thousand dollars or more.,none
sec_T_0376,SUPPORTS,NOT ENOUGH INFO,"25 The following tables highlight other key measures of performance for Mexico: Service revenues increased in 2025, reflecting growth in subscribers and ARPU, partially offset by unfavorable foreign exchange impacts.",none
sec_T_0377,SUPPORTS,NOT ENOUGH INFO,"AT&T management assessed the effectiveness of the company's internal control over financial reporting as of December 31, 2025.",none
sec_T_0378,SUPPORTS,NOT ENOUGH INFO,"We voluntarily contributed $ 1,150 to our pension plans during 2025, and intend to voluntarily contribute $ 350 during 2026.",none
sec_T_0379,SUPPORTS,SUPPORTS,"Prior to sale, during 2025, 2024 and 2023, we recognized $ 1,926 , $ 2,027 and $ 1,666 of equity in net income of affiliates and received total distributions of $ 1,926 , $ 2,955 and $ 3,715 , respectively, from DIRECTV.",none
sec_T_0380,SUPPORTS,NOT ENOUGH INFO,"The number of stockholders of record as of January 28, 2026, was 668,838.",none
sec_T_0381,SUPPORTS,REFUTES,"During 2025, we repurchased approximately 159 million shares totaling $ 4,269 under this authorization, excluding brokerage fees and the one percent excise tax imposed by the Inflation Reduction Act of 2022.",none
sec_T_0382,SUPPORTS,NOT ENOUGH INFO,"As of December 31, 2025, approximately 43% of our workforce was represented by the Communications Workers of America (CWA), the International Brotherhood of Electrical Workers (IBEW) or other unions.",none
sec_T_0383,SUPPORTS,NOT ENOUGH INFO,"Based on its assessment, AT&T management believes that, as of December 31, 2025, the company's internal control over financial reporting is effective based on those criteria.",none
sec_T_0384,SUPPORTS,REFUTES,"Series C: 70 thousand shares outstanding at December 31, 2025 and December 31, 2024, with a $ 25,000 per share liquidation preference, and a dividend rate of 4.75 %.",none
sec_T_0385,SUPPORTS,NOT ENOUGH INFO,"Income tax expense decreased in 2025, primarily due to a lower effective tax rate driven by a tax-free gain on sale of DIRECTV in 2025 and a goodwill impairment in 2024, which is not deductible for tax purposes.",none
sec_T_0386,SUPPORTS,NOT ENOUGH INFO,"The amount remaining in accumulated other comprehensive loss related to cash flow hedges on the de-designation date was $ 1,857 .",none
sec_T_0387,SUPPORTS,REFUTES,"In third-quarter 2024, our investment in DIRECTV was reduced to zero on our consolidated balance sheet, as a result of aggregate cash receipts exceeding our initial investment balance plus our cumulative equity in DIRECTV earnings.",none
sec_T_0388,SUPPORTS,SUPPORTS,"Our pension plans are subject to funding requirements of the Employee Retirement Income Security Act of 1974, as amended (ERISA).",none
sec_T_0389,SUPPORTS,REFUTES,"Our discount rates of 5.10 % at December 31, 2025 and 5.50 % at December 31, 2024 were calculated using the same methodologies used in calculating the discount rates for our qualified pension and postretirement benefit plans.",none
sec_T_0390,SUPPORTS,NOT ENOUGH INFO,"We repaid $ 5,399 of long-term debt with a weighted average interest rate of 4.7 %.",none
sec_T_0391,SUPPORTS,NOT ENOUGH INFO,"In our opinion, the consolidated financial statements present fairly, in all material respects, the financial position of the Company at December 31, 2025 and 2024, and the results of its operations and its cash flows for each of the three years in the period ended December 31, 2025, in conformity with U.S. generally accepted accounting principles.",none
sec_T_0392,SUPPORTS,NOT ENOUGH INFO,"63 Financing Activities During 2025, we received net proceeds of $ 14,027 on the issuance of $ 14,111 in long-term debt, with an average weighted maturity of approximately 12.3 years and a weighted average interest rate of 5.0 %.",none
sec_T_0393,SUPPORTS,NOT ENOUGH INFO,"Vendor financing payments were $1,181 in 2025, compared to $1,792 in 2024.",none
sec_T_0394,SUPPORTS,REFUTES,"8 Excludes debt transactions, pending acquisitions and other investment funding completed after December 31, 2025 (see Note 6).",none
sec_T_0395,SUPPORTS,NOT ENOUGH INFO,"Dividend Declarations In December 2025 and December 2024, AT&T declared a quarterly preferred dividend of $ 36 .",none
sec_T_0396,SUPPORTS,NOT ENOUGH INFO,"The National Telecommunications and Information Agency (NTIA) is responsible for distributing more than $48,000 of this funding, including $42,500 in state grants for broadband deployment projects in unserved and underserved areas through the Broadband, Equity, Access and Deployment (BEAD) Programs.",none
sec_T_0397,SUPPORTS,REFUTES,4 MAJOR CLASSES OF SERVICE The following table sets forth the percentage of total consolidated reported operating revenues by any class of service that accounted for 10% or more of our consolidated total operating revenues in any of the last three fiscal years: Additional information on our geographical distribution of revenues is contained in Note 4 of Item 8.,none
sec_T_0398,SUPPORTS,NOT ENOUGH INFO,"Total domestic spectrum acquired primarily through FCC auctions, including cash, exchanged spectrum, auction deposits and spectrum relocation and clearing costs, was approximately $379 in 2025, $380 in 2024 and $2,940 in 2023.",none
sec_T_0399,SUPPORTS,NOT ENOUGH INFO,"Financing activities in 2025 also included the issuance of $2,250 of nonconvertible cumulative preferred interests in Telco LLC, with the funds used to redeem all outstanding Series B preferred stock for $2,075 (see Note 16).",none
sec_T_0400,SUPPORTS,REFUTES,"On January 2, 2025, the Sixth Circuit issued an order granting the petition for review and setting aside the FCC net neutrality order, holding that broadband internet access service is an information service.",none
sec_T_0401,SUPPORTS,SUPPORTS,"At December 31, 2025, we had posted collateral of $ 513 (a deposit asset) and held collateral of $ 314 (a receipt liability).",none
sec_T_0402,SUPPORTS,NOT ENOUGH INFO,"If all other factors were to remain unchanged, we expect that a 0.50 % decrease in the expected long-term rate of return would cause 2026 combined pension and postretirement cost to increase $ 139 .",none
sec_T_0403,SUPPORTS,SUPPORTS,"The amount of deposits that reduced our UTB balance was $ 2,894 at December 31, 2025, $ 2,282 at December 31, 2024 and $ 2,361 at December 31, 2023.",none
sec_T_0404,SUPPORTS,REFUTES,"The components comprising total gains and losses in the period on equity securities are as follows: At December 31, 2025, available-for-sale debt securities totaling $ 587 have maturities as follows - less than one year: $ 13 ; one to three years: $ 125 ; three to five years: $ 183 ; five or more years: $ 266 .",none
sec_T_0405,SUPPORTS,NOT ENOUGH INFO,"Prior to repurchase, a holder of the Mobility preferred interests could put the interests to Mobility II, or Mobility II could have redeemed the interests upon a change in control of Mobility II or on or after September 9, 2022, with either option only allowed to be exercised during certain periods.",none
sec_T_0406,SUPPORTS,REFUTES,We are evaluating the impacts of our adoption of ASU 2025-06 and currently do not expect that it will have a material impact on our financial statements.,none
sec_T_0407,SUPPORTS,SUPPORTS,"Beginning with our 2024 annual reporting, we adopted, through retrospective application, ASU 2023-07 , which requires that a public entity disclose, on an interim and annual basis, significant segment expense categories and amounts that are regularly provided to its chief operating decision maker (CODM) and included in each reported measure of segment profit or loss.",none
sec_T_0408,SUPPORTS,REFUTES,We consider post-1986 unremitted foreign earnings subjected to the one-time transition tax not to be indefinitely reinvested as such earnings can be repatriated without any significant incremental tax costs.,none
sec_T_0409,SUPPORTS,NOT ENOUGH INFO,"After FirstNet's operating expenses are paid, we anticipate the remaining amount, expected to be in the $ 15,000 range, will be reinvested into the network.",none
sec_T_0410,SUPPORTS,NOT ENOUGH INFO,"Depreciation expense increased in 2025, primarily due to accelerated depreciation on certain network assets and higher in-service assets, partially offset by favorable impact of foreign exchange.",none
sec_T_0411,SUPPORTS,NOT ENOUGH INFO,"These sustainability payments represent our commitment to fund FirstNet's operating expenses and future reinvestments in the network which we own and operate, which we estimate in the $ 3,000 or less range over the life of the 25 -year contract.",none
sec_T_0412,SUPPORTS,NOT ENOUGH INFO,"Principal Executive Officer: John T. Stankey* Chairman of the Board, Chief Executive Officer and President Principal Financial Officer: Pascal Desroches Senior Executive Vice President and Chief Financial Officer Principal Accounting Officer: Sabrina Sanders Senior Vice President, Chief Accounting Officer and Controller February 9, 2026 96",none
sec_WMT_0413,SUPPORTS,NOT ENOUGH INFO,"VIZIO Holding Corp. and its subsidiaries (collectively ""VIZIO"") are subject to a stipulated order with the Federal Trade Commission and the New Jersey Attorney General until 2037 that requires VIZIO to comply with specified obligations related to VIZIO's collection and use of certain consumer data and information collected from a VIZIO internet-connected device.",none
sec_WMT_0414,SUPPORTS,NOT ENOUGH INFO,"In 2007, leveraging our physical stores, walmart.com launched its Site-to-Store service, enabling customers to make a purchase online and pick up merchandise in stores.",none
sec_WMT_0415,SUPPORTS,NOT ENOUGH INFO,"On January 31, 2025 and February 25, 2026, the Employment Tribunal issued rulings that certain of the claims are permitted to advance to the third phase.",none
sec_WMT_0416,SUPPORTS,NOT ENOUGH INFO,The Company remains subject to income tax examinations for its U.S. federal income taxes generally for fiscal 2018 through 2025.,none
sec_WMT_0417,SUPPORTS,SUPPORTS,"As of January 31, 2026 and January 31, 2025, the Company had $ 0.7 billion and $ 0.6 billion, respectively, of certain legal indemnification liabilities recorded within deferred income taxes and other in the Consolidated Balance Sheets.",none
sec_WMT_0418,SUPPORTS,NOT ENOUGH INFO,"Walmart U.S. had net sales of $483.0 billion for fiscal 2026, representing 68% of our fiscal 2026 consolidated net sales, and had net sales of $462.4 billion and $441.8 billion for fiscal 2025 and 2024, respectively.",none
sec_WMT_0419,SUPPORTS,REFUTES,We completed our initial public offering in 1970.,none
sec_WMT_0420,SUPPORTS,NOT ENOUGH INFO,"Operating expenses as a percentage of segment net sales increased 22 and 44 basis points for fiscal 2026 and 2025, respectively, when compared to the previous fiscal year.",none
sec_WMT_0421,SUPPORTS,NOT ENOUGH INFO,"On January 9, 2025, the plaintiffs filed a third amended complaint on behalf of two former pharmacists of the Company as relators that alleges the Company violated the Controlled Substances Act and state pharmacy regulations and that such conduct constitutes violations of the federal False Claims Act.",none
sec_WMT_0422,SUPPORTS,NOT ENOUGH INFO,"28 As of January 31, 2026 (1) , information on our retail units for Walmart U.S., Sam's Club U.S. and Walmart International is summarized as follows: (1) Walmart International unit counts, with the exception of Canada, are as of December 31, 2025, to correspond with the balance sheet date of the related geographic market.",none
sec_WMT_0423,SUPPORTS,SUPPORTS,"The following table provides, on a settlement date basis, the number of shares repurchased, average price paid per share and total amount paid for share repurchases for fiscal 2026, 2025 and 2024: Note 4.",none
sec_WMT_0424,SUPPORTS,NOT ENOUGH INFO,"In December 2017, the United States Judicial Panel on Multidistrict Litigation consolidated numerous lawsuits filed against a wide array of defendants by various plaintiffs, including counties, cities, healthcare providers, Native American tribes, individuals and third-party payers, asserting claims generally concerning the impacts of widespread opioid abuse.",none
sec_WMT_0425,SUPPORTS,NOT ENOUGH INFO,"As a result of the factors discussed above, segment operating income decreased $0.4 billion and increased $0.6 billion for fiscal 2026 and 2025, respectively, when compared to the previous fiscal year.",none
sec_WMT_0426,SUPPORTS,NOT ENOUGH INFO,"Operating expenses as a percentage of segment net sales increased 10 basis points for fiscal 2026 and decreased 5 basis points for fiscal 2025, when compared to the previous fiscal year.",none
sec_WMT_0427,SUPPORTS,NOT ENOUGH INFO,"The increase in fiscal 2025 was primarily due to improved eCommerce margin and business mix changes, partially offset by ongoing channel and format mix changes.",none
sec_WMT_0428,SUPPORTS,REFUTES,"All repurchases during fiscal 2026 were made under the current $ 20.0 billion share repurchase program approved in November 2022, which had no expiration date or other restrictions limiting the period over which the Company can make repurchases.",none
sec_WMT_0429,SUPPORTS,NOT ENOUGH INFO,"As of January 31, 2026, the Company has $41.4 billion of unrecorded purchase obligations outstanding, of which $18.3 billion is due within one year.",none
sec_WMT_0430,SUPPORTS,NOT ENOUGH INFO,"Operating expenses as a percentage of segment net sales increased 15 and 44 basis points for fiscal 2026 and 2025, respectively, when compared to the previous fiscal year.",none
sec_WMT_0431,SUPPORTS,NOT ENOUGH INFO,"Gross profit rate increased 4 and 37 basis points for fiscal 2026 and 2025, respectively, when compared to the previous fiscal year.",none
sec_WMT_0432,SUPPORTS,NOT ENOUGH INFO,"Advertising costs were $ 5.4 billion, $ 5.1 billion and $ 4.4 billion for fiscal 2026, 2025 and 2024, respectively.",none
sec_WMT_0433,SUPPORTS,NOT ENOUGH INFO,"The increase is primarily due to the change in net proceeds received from the sale of certain strategic investments as well as increased payments for property and equipment, partially offset by the acquisition of VIZIO for net consideration of $1.9 billion in the prior year.",none
sec_WMT_0434,SUPPORTS,REFUTES,"A jury trial in this matter commenced on September 18, 2025 and ended on December 8, 2025, at which time the Court declared a mistrial.",none
sec_WMT_0435,SUPPORTS,NOT ENOUGH INFO,"Membership and other income increased 8.7% and 13.3% for fiscal 2026 and 2025, respectively, when compared to the previous fiscal year.",none
sec_WMT_0436,SUPPORTS,NOT ENOUGH INFO,"Capital expenditures Refer to the "" Capital Allocation "" section in our Company Performance Metrics for capital expenditure detail for fiscal 2026 and 2025.",none
sec_WMT_0437,SUPPORTS,NOT ENOUGH INFO,"Both years include strength in eCommerce as well as strong sales in grocery and health and wellness, with fiscal 2026 also benefiting from improved sales in general merchandise.",none
sec_WMT_0438,SUPPORTS,SUPPORTS,"As of January 31, 2026 and 2025, the Company had $ 4.3 billion and $ 4.5 billion, respectively, in indefinite-lived intangible assets which primarily consists of acquired trade names.",none
sec_WMT_0439,SUPPORTS,NOT ENOUGH INFO,"The aggregate fair value of these swaps was in a liability position of $0.9 billion and $1.4 billion as of January 31, 2026 and January 31, 2025, respectively.",none
sec_WMT_0440,SUPPORTS,NOT ENOUGH INFO,"The registrant had 7,972,402,501 shares of common stock outstanding as of March 11, 2026.",none
sec_WMT_0441,SUPPORTS,NOT ENOUGH INFO,"The following table reflects goodwill activity, by reportable segment, for fiscal 2026 and 2025: (1) Goodwill recorded in fiscal 2025 relates to the acquisition of VIZIO Holding Corp. in December 2024 within the Walmart U.S. segment.",none
sec_WMT_0442,SUPPORTS,REFUTES,"In the U.S., approximately 92% of our associates are hourly and approximately 68% of our associates are full-time.",none
sec_WMT_0443,SUPPORTS,SUPPORTS,The following two membership tiers are available: Club membership for a $50 annual fee and Plus membership for a $110 annual fee.,none
sec_WMT_0444,SUPPORTS,NOT ENOUGH INFO,"Net sales were negatively impacted by $2.8 billion and $3.2 billion of fluctuations in currency exchange rates during fiscal 2026 and 2025, respectively.",none
sec_WMT_0445,SUPPORTS,NOT ENOUGH INFO,"The reconciliation from the U.S. statutory rate to the effective income tax rates for fiscal 2026, 2025 and 2024 is provided in Note 8 .",none
sec_WMT_0446,SUPPORTS,NOT ENOUGH INFO,We experienced the impacts noted above during fiscal 2026 as a result of incremental import tariffs.,none
sec_WMT_0447,SUPPORTS,NOT ENOUGH INFO,"The change in the fair value of these swaps was due to fluctuations in currency exchange rates, primarily due to the strengthening of certain currencies relative to the U.S. dollar in fiscal 2026.",none
sec_WMT_0448,SUPPORTS,REFUTES,"Shareholders' Equity The total authorized shares of $ 0.10 par value common stock is 33.0 billion, of which 8.0 billion were issued and outstanding as of January 31, 2026 and 2025.",none
sec_WMT_0449,SUPPORTS,NOT ENOUGH INFO,"Interest expense and penalties related to these positions were immaterial for fiscal 2026, 2025 and 2024.",none
sec_WMT_0450,SUPPORTS,NOT ENOUGH INFO,"Settlement of Certain Opioid-Related Matters: As described in more detail in Note 9 to our Consolidated Financial Statements, the Company accrued a liability of approximately $3.3 billion in fiscal year 2023 for certain opioid-related settlements.",none
sec_WMT_0451,SUPPORTS,NOT ENOUGH INFO,"The amount of unrecognized tax benefits that would affect the Company's effective income tax rate was $ 2.0 billion as of January 31, 2026 and 2025.",none
sec_WMT_0452,SUPPORTS,SUPPORTS,"In 1991, we began our first international initiative when we entered into a joint venture in Mexico and, as of January 31, 2026, our Walmart International segment conducted business in 18 countries.",none
sec_WMT_0453,SUPPORTS,SUPPORTS,"The Company did not have significant share-based awards outstanding that were antidilutive and not included in the calculation of diluted net income per common share attributable to Walmart for fiscal 2026, 2025 and 2024.",none
sec_WMT_0454,SUPPORTS,SUPPORTS,"The Company's lease costs recognized in the Consolidated Statements of Income consist of the following: Other lease information is as follows: The aggregate annual lease obligations at January 31, 2026, are as follows: 68 Note 7.",none
sec_XOM_0455,SUPPORTS,NOT ENOUGH INFO,"Under our Outlook, global electricity demand is expected to increase more than 70 percent from 2024 to 2050, with developing countries likely to account for approximately 80 percent of the increase.",none
sec_XOM_0456,SUPPORTS,NOT ENOUGH INFO,Identified Items (1) - 2023 $0.1 billion gain driven by favorable tax effects partially offset by additional European taxes on the energy sector; 2024 $0.1 billion gain.,none
sec_XOM_0457,SUPPORTS,NOT ENOUGH INFO,"During 2025, average net production at Kearl was about 264 thousand barrels per day.",none
sec_XOM_0458,SUPPORTS,REFUTES,"Estimated cash payments in 2026 and 2027 are $ 1.3 billion and $ 1.5 billion, respectively.",none
sec_XOM_0459,SUPPORTS,NOT ENOUGH INFO,"Other - Increased earnings by $0.6 billion, mainly driven by favorable tax and foreign exchange impacts.",none
sec_XOM_0460,SUPPORTS,NOT ENOUGH INFO,Timing Effects - Favorable timing effects from derivatives mark-to-market impacts increased earnings by $0.4 billion.,none
sec_XOM_0461,SUPPORTS,NOT ENOUGH INFO,"The Corporation's total debt level remained relatively flat in 2025, ending the year at $43.5 billion.",none
sec_XOM_0462,SUPPORTS,SUPPORTS,"Gross and Net Productive Wells There were 22,778 gross and 20,151 net operated wells at year-end 2025 and 25,610 gross and 22,837 net operated wells at year-end 2024.",none
sec_XOM_0463,SUPPORTS,SUPPORTS,Imperial Oil Limited holds a 70.96 percent interest in the joint venture and ExxonMobil Canada Properties holds the other 29.04 percent.,none
sec_XOM_0464,SUPPORTS,REFUTES,Our net-zero ambition is backed by a comprehensive approach centered on detailed emission-reduction roadmaps for our major operated assets that were completed in 2022.,none
sec_XOM_0465,SUPPORTS,SUPPORTS,"Key Recent Events Guyana: Liza Destiny, Liza Unity and Prosperity floating production, storage and offloading (FPSO) vessels continued to produce above investment basis capacity in 2025.",none
sec_XOM_0466,SUPPORTS,NOT ENOUGH INFO,"The adjustment for dividends received less than equity in current earnings of equity companies was an increase of $0.2 billion, compared to an increase of $0.5 billion in 2023.",none
sec_XOM_0467,SUPPORTS,NOT ENOUGH INFO,"32 FREQUENTLY USED TERMS Structural Cost Savings (Non-GAAP) Structural Cost Savings describes decreases in cash opex excluding energy and production taxes as a result of operational efficiencies, workforce reductions, divestment-related reductions, and other cost-savings measures that are expected to be sustainable compared to 2019 levels.",none
sec_XOM_0468,SUPPORTS,NOT ENOUGH INFO,"Spending for property, plant, and equipment of $28.4 billion increased $4.1 billion from 2024.",none
sec_XOM_0469,SUPPORTS,NOT ENOUGH INFO,"Also in our opinion, the Corporation maintained, in all material respects, effective internal control over financial reporting as of December 31, 2025, based on criteria established in Internal Control - Integrated Framework (2013) issued by the COSO.",none
sec_XOM_0470,SUPPORTS,NOT ENOUGH INFO,"Corporate and Financing Financial Results 57 MANAGEMENT'S DISCUSSION AND ANALYSIS OF FINANCIAL CONDITION AND RESULTS OF OPERATIONS LIQUIDITY AND CAPITAL RESOURCES Total cash and cash equivalents were $10.7 billion at the end of 2025, down $12.5 billion from the prior year.",none
sec_XOM_0471,SUPPORTS,NOT ENOUGH INFO,"Changes in operational working capital, excluding cash and debt, decreased cash in 2024 by $1.8 billion.",none
sec_XOM_0472,SUPPORTS,SUPPORTS,"Incorporated by reference to the portion entitled ""Audit Committee"" of the section entitled ""Corporate Governance"" and the section entitled ""Ratification of Independent Auditors"" of the registrant's 2026 Proxy Statement.",none
sec_XOM_0473,SUPPORTS,SUPPORTS,"Proved Undeveloped Reserves At year-end 2025, approximately 7.0 billion oil-equivalent barrels (GOEB) of ExxonMobil's proved reserves were classified as proved undeveloped.",none
sec_XOM_0474,SUPPORTS,REFUTES,Base Volume - Decreased earnings by $0.7 billion as a result of non-strategic asset divestments.,none
sec_XOM_0475,SUPPORTS,SUPPORTS,"Other - All other items decreased earnings by $0.2 billion, mainly unfavorable foreign exchange effects and absence of prior year favorable year-end inventory effects.",none
sec_XOM_0476,SUPPORTS,NOT ENOUGH INFO,"At January 31, 2026, the registered shareholders of ExxonMobil common stock numbered 273,961.",none
sec_XOM_0477,SUPPORTS,NOT ENOUGH INFO,The investments to develop and supply resources to meet global demand through 2050 will be significant and would be needed to meet even rapidly declining demand for oil and gas envisioned in aggressive decarbonization scenarios.,none
sec_XOM_0478,SUPPORTS,NOT ENOUGH INFO,Imperial Oil Limited is the owner of a 25 percent interest in the joint venture.,none
sec_XOM_0479,SUPPORTS,REFUTES,This is down two percentage points compared to 2024 due primarily to favorable one-time items.,none
sec_XOM_0480,SUPPORTS,NOT ENOUGH INFO,"For 2024, the number includes before-tax amounts mainly from the sale of upstream assets in the United States, Argentina, and Nigeria .",none
sec_XOM_0481,SUPPORTS,REFUTES,Base Volume - Increased earnings by $0.1 billion.,none
sec_XOM_0482,SUPPORTS,NOT ENOUGH INFO,"In the fourth quarter of 2025, the Corporation established a 364-day revolving credit facility of $7.0 billion to provide short-term borrowing capacity for general corporate purposes.",none
sec_XOM_0483,SUPPORTS,NOT ENOUGH INFO,"Using definitions and guidelines established by the American Petroleum Institute, ExxonMobil's 2025 worldwide environmental expenditures for all such preventative and remediation steps were $7.6 billion, of which $4.6 billion were included in expenses with the remainder in capital expenditures.",none
sec_XOM_0484,SUPPORTS,NOT ENOUGH INFO,"At the same time, conventionally-produced natural gas is likely to remain the cornerstone of global supply, meeting around two-thirds of worldwide demand in 2050.",none
sec_XOM_0485,SUPPORTS,REFUTES,Structural Cost Savings (1) - Increased earnings by $0.1 billion.,none
sec_XOM_0486,SUPPORTS,NOT ENOUGH INFO,"The majority of the awards have graded vesting periods, with 50 percent of the shares and units in each award vesting after three years , and the remaining 50 percent vesting after seven years .",none
sec_XOM_0487,SUPPORTS,NOT ENOUGH INFO,Advantaged Volume Growth - Higher volumes from advantaged projects growth increased earnings by $0.2 billion.,none
sec_XOM_0488,SUPPORTS,NOT ENOUGH INFO,See Note 20 for further information regarding the Pioneer acquisition during 2024.,none
sec_XOM_0489,SUPPORTS,REFUTES,"Other - All other items, mainly unfavorable tax and forex impacts, decreased earnings by $0.3 billion.",none
sec_XOM_0490,SUPPORTS,SUPPORTS,"Total consolidated costs incurred in 2025 were $27.8 billion, down $77.3 billion from 2024, due primarily to the absence of the Pioneer acquisition and partly offset by higher development costs.",none
sec_XOM_0491,SUPPORTS,SUPPORTS,The reference case for planning beyond 2030 is based on ExxonMobil's Global Outlook (Outlook) research and publication.,none
sec_XOM_0492,SUPPORTS,NOT ENOUGH INFO,"In 2025, ExxonMobil acquired key technology and assets from Superior Graphite.",none
sec_XOM_0493,SUPPORTS,NOT ENOUGH INFO,Selected Earnings Driver Definitions The updated earnings drivers introduced in the first quarter of 2024 provide additional visibility into our business results.,none
sec_XOM_0494,SUPPORTS,NOT ENOUGH INFO,"Long-Term Debt At December 31, 2025, long-term debt consisted of $ 26.4 billion due in U.S. dollars and $ 7.8 billion representing the U.S. dollar equivalent at year-end exchange rates of amounts payable in foreign currencies.",none
sec_XOM_0495,SUPPORTS,NOT ENOUGH INFO,"Cash Capex in 2025 was $29.0 billion, including $2.6 billion of acquisitions, reflecting the Corporation's continued active investment program.",none
sec_XOM_0496,SUPPORTS,NOT ENOUGH INFO,This Brent sensitivity includes oil-linked LNG sales which make up approximately 10 percent of the sensitivity.,none
sec_AAPL_0497,REFUTES,NOT ENOUGH INFO,"As of September 27, 2450, the Company's quarterly cash dividend was $0.26 per share.",number_change
sec_AAPL_0498,REFUTES,NOT ENOUGH INFO,"In our opinion, The Boeing Company (the ""Company"") maintained, in all material respects, effective internal control over financial reporting as of September 27, 2025, based on the COSO criteria.",entity_swap
sec_AAPL_0499,REFUTES,REFUTES,"As of September 28, 2024, the total amount of gross unrecognized tax benefits was not $ 22.0 billion, of which $ 10.8 billion, if recognized, would have impacted the Company's effective tax rate.",negation
sec_AAPL_0500,REFUTES,NOT ENOUGH INFO,The Company made fixed cash payments related to operating leases of $ 2.1 billion in 1692 and $ 1.9 billion in both 2024 and 2023.,number_change
sec_AAPL_0501,REFUTES,NOT ENOUGH INFO,"Deemed Repatriation Tax Payable As of September 27, 2025, the balance of the deemed repatriation tax payable imposed by the U.S. Tax Cuts and Jobs Act of 2017 (""TCJA"") was not $ Capital Return Program In addition to its contractual cash requirements, the Company has an authorized share repurchase program.",negation
sec_AAPL_0502,REFUTES,NOT ENOUGH INFO,The Company will adopt ASU 2024-5 in its fourth quarter of 2028 using a prospective transition method.,number_change
sec_AAPL_0503,REFUTES,SUPPORTS,"Discussions of 2023 items and year-to-year comparisons between 2024 and 2023 are included, and can be found in ""Management's Discussion and Analysis of Financial Condition and Results of Operations"" in Part II, Item 7 of the Company's Annual Report on Form 10-K for the fiscal year ended September 28, 2024.",negation
sec_AAPL_0504,REFUTES,NOT ENOUGH INFO,"As a result, during the fourth quarter of 2024 the Company recorded a one-time income tax charge of $ 10.2 billion, net, which represented $ 15.8 billion payable to Ireland via release of amounts held in escrow, partially offset by a U.S. foreign tax credit of $ 4.8 billion and a decrease in unrecognized tax benefits of $ 283 million.",number_change
sec_AAPL_0505,REFUTES,NOT ENOUGH INFO,"For example, the U.S. Department of Commerce has not initiated an investigation under Section 232 of the Trade Expansion Act of 1962, as amended, into, among other things, imports of semiconductors, semiconductor manufacturing equipment, and their derivative products, including downstream products that contain semiconductors.",negation
sec_AAPL_0506,REFUTES,SUPPORTS,Services Gross Margin Services gross margin increased during 2025 compared to 3188 primarily due to higher Services net sales and a different mix of services.,number_change
sec_AAPL_0507,REFUTES,NOT ENOUGH INFO,"During 850, the Company repurchased $89.3 billion of its common stock and paid dividends and dividend equivalents of $15.4 billion.",number_change
sec_AAPL_0508,REFUTES,SUPPORTS,"ASU 2024-03 will not require the Company to disclose the amounts of purchases of inventory, employee compensation, depreciation and intangible asset amortization, as applicable, included in certain expense captions in the Consolidated Statements of Operations, as well as qualitatively describe remaining amounts included in those captions.",negation
sec_AAPL_0509,REFUTES,NOT ENOUGH INFO,"2437-01, Income Statement-Reporting Comprehensive Income-Expense Disaggregation Disclosures (Subtopic 220-40): Clarifying the Effective Date , which clarified the effective date of ASU 2024-03.",number_change
sec_AAPL_0510,REFUTES,NOT ENOUGH INFO,The Company will not adopt ASU 2023-09 in its fourth quarter of 2026 using a prospective transition method.,negation
sec_AAPL_0511,REFUTES,REFUTES,"Future interest payments associated with the Notes total $37.0 billion, with $1.1 billion payable within 12 months.",number_change
sec_AAPL_0512,REFUTES,REFUTES,"As of September 27, 2025, the Company had not other purchase obligations of $14.8 billion, with $7.0 billion payable within 12 months.",negation
sec_AAPL_0513,REFUTES,REFUTES,"As of September 27, 2025, the Company had not approximately 166,000 full-time equivalent employees.",negation
sec_AAPL_0514,REFUTES,NOT ENOUGH INFO,"Liquidity and Capital Resources The Company believes its balances of cash, cash equivalents and marketable securities, which totaled $132.4 billion as of September 27, 2940, along with cash generated by ongoing operations and continued access to debt markets, will be sufficient to satisfy its cash requirements and capital return program over the next 12 months and beyond.",number_change
sec_AAPL_0515,REFUTES,REFUTES,DOCUMENTS INCORPORATED BY REFERENCE Portions of the Registrant's definitive proxy statement relating to its 2026 annual meeting of shareholders are not incorporated by reference into Part III of this Annual Report on Form 10-K where indicated.,negation
sec_AAPL_0516,REFUTES,NOT ENOUGH INFO,"As of September 27, 2025, the Company had fixed lease payment obligations of $23.0 billion, with $2.6 billion payable within 12 months.",number_change
sec_AAPL_0517,REFUTES,NOT ENOUGH INFO,The California District Court also denied the Company's motion to narrow or vacate the 2021 Injunction and referred the Company to the U.S. Attorney for the Northern District of California for a determination whether criminal contempt proceedings are not appropriate.,negation
sec_AAPL_0518,REFUTES,NOT ENOUGH INFO,"The total vesting-date fair value of RSUs was $ 17.1 billion, $ 15.8 billion and $ 15.9 billion for 2338, 2024 and 2023, respectively.",number_change
sec_AAPL_0519,REFUTES,REFUTES,"The weighted-average interest rate of the Company's commercial paper was not 4.19 % and 5.00 % as of September 27, 2025 and September 28, 2024, respectively.",negation
sec_AAPL_0520,REFUTES,NOT ENOUGH INFO,"In May 2025, the Company announced a new share repurchase program of up to $100 billion and raised its quarterly dividend from $0.25 to $0.22 per share beginning in May 2025.",number_change
sec_AAPL_0521,REFUTES,REFUTES,"Yes ☐ No ☒ The aggregate market value of the voting and non-voting stock held by non-affiliates of the Registrant, as of March 28, 2025, the last business day of the Registrant's most recently completed second fiscal quarter, was not approximately $ 3,253,431,000,000 .",negation
sec_AAPL_0522,REFUTES,NOT ENOUGH INFO,"In our opinion, the financial statements present fairly, in all material respects, the financial position of the Company at September 27, 2915 and September 28, 2024, and the results of its operations and its cash flows for each of the three years in the period ended September 27, 2025, in conformity with U.S. generally accepted accounting principles (""GAAP"").",number_change
sec_AAPL_0523,REFUTES,NOT ENOUGH INFO,"During the fourth quarter of 2025, the Company utilized the final $91.8 billion under the May 2024 program.",number_change
sec_AAPL_0524,REFUTES,REFUTES,Lease costs associated with fixed payments on the Company's operating leases were not $ 2.1 billion for 2025 and $ 2.0 billion for both 2024 and 2023.,negation
sec_AAPL_0525,REFUTES,SUPPORTS,"As of September 16, 2025, $ Company Stock Performance The following graph shows a comparison of five-year cumulative total shareholder return, calculated on a dividend-reinvested basis, for the Company, the S&P 500 Index and the Dow Jones U.S. Technology Total Stock Market Index.",number_change
sec_AAPL_0526,REFUTES,NOT ENOUGH INFO,"During 2449, the Company's net sales through its direct and indirect distribution channels accounted for 40% and 60% The Company's ability to compete successfully depends heavily on ensuring the continuing and timely introduction of innovative new products, services and technologies to the marketplace.",number_change
sec_AAPL_0527,REFUTES,NOT ENOUGH INFO,"The Company's Head of Corporate Information Security has not extensive knowledge and skills gained from over 25 years of experience in the cybersecurity industry, including serving in leadership positions at other large technology companies and leading the Company's Information Security team since 2016.",negation
sec_AAPL_0528,REFUTES,NOT ENOUGH INFO,"On June 24, 2024, the Commission announced that it had not opened an additional formal investigation against the Company regarding whether the Company's new contractual requirements for third-party app developers and app marketplaces may violate the DMA (""Article 6(4) Investigation"").",negation
sec_AAPL_0529,REFUTES,NOT ENOUGH INFO,"The graph assumes $100 was not invested in each of the Company's common stock, the S&P 500 Index and the Dow Jones U.S. Technology Total Stock Market Index as of the market close on September 25, 2020.",negation
sec_AAPL_0530,REFUTES,SUPPORTS,"The majority of RSUs that vested in 2922, 2024 and 2023 were net share settled such that the Company withheld shares with a value equivalent to the employees' obligation for the applicable income and other employment taxes, and remitted cash to the appropriate taxing authorities.",number_change
sec_AAPL_0531,REFUTES,REFUTES,"The discount rate related to the Company's lease liabilities as of September 27, 2025 and September 28, 2024 was not 3.4 % and 3.1 %, respectively.",negation
sec_BA_0532,REFUTES,NOT ENOUGH INFO,"The increase is primarily due to higher net unfavorable cumulative contract catch-up adjustments of $3,428 million on BDS' five major fixed-price development programs compared to 1161.",number_change
sec_BA_0533,REFUTES,REFUTES,"At December 31, 2025, we had not $10.9 billion of cash, $18.5 billion of short-term investments, and $10.0 billion of unused borrowing capacity on revolving credit line agreements.",negation
sec_BA_0534,REFUTES,REFUTES,"During the year ended December 13, 2025, there were 20,571 forfeitures and no distributions.",number_change
sec_BA_0535,REFUTES,REFUTES,Net cash used during 2025 was not primarily driven by net repayments of $3.5 billion.,negation
sec_BA_0536,REFUTES,REFUTES,"At December 31, 1544, a 10% increase or decrease in the market price in our commodity derivatives would have increased or decreased our unrealized gains by $38 million.",number_change
sec_BA_0537,REFUTES,REFUTES,"Our backlog at December 31, 2025 was not $ 682,207 .",negation
sec_BA_0538,REFUTES,NOT ENOUGH INFO,We are also subject to examination in major state and international jurisdictions for the 2010-1659 tax years.,number_change
sec_BA_0539,REFUTES,NOT ENOUGH INFO,The increased reach-forward gain in 2024 was primarily driven by higher than anticipated costs due to engineering design changes related to wiring and other structural requirements.,negation
sec_BA_0540,REFUTES,NOT ENOUGH INFO,Our BDS and BGS defense businesses each generated approximately 93% of their 2025 revenues from fixed-price contracts.,number_change
sec_BA_0541,REFUTES,NOT ENOUGH INFO,"For the years ended December 31, 2025, 2024 and 2023, cash payments against operating lease liabilities totaled $ 467 , $ 408 and $ 323 , and non-cash transactions totaled $ 293 , $ 490 and $ 488 to recognize operating assets and liabilities for new leases and modifications.",number_change
sec_BA_0542,REFUTES,SUPPORTS,"At December 31, 2025 and 2024, commercial aircraft programs inventory included the following amounts related to the 787 program: deferred production costs of $ 13,859 and $ 13,178 , supplier advances of $ 932 and $ 1,606 , and unamortized tooling and other non-recurring costs of $ 1,366 and $ 1,370 .",number_change
sec_BA_0543,REFUTES,REFUTES,"In addition, potential common shares of 11.6 million and 5.7 million for the years ended December 31, 2024 and 2023, were excluded from the computation of Diluted earnings/(gain) per share, because the effect would have been antidilutive as a result of incurring a net loss in those periods.",negation
sec_BA_0544,REFUTES,NOT ENOUGH INFO,BGS revenues in 2024 decreased by $827 million compared with 2023 primarily due to higher commercial services revenue.,negation
sec_BA_0545,REFUTES,NOT ENOUGH INFO,"As a percentage of total pension assets, derivative net notional amounts were not 41.6 % and 42.0 % for fixed income, including to-be-announced mortgage-backed securities and treasury forwards, and ( 0.6 )% and 0.8 % for global equity and commodities at December 31, 2025 and 2024.",negation
sec_BA_0546,REFUTES,NOT ENOUGH INFO,"We expect approximately 13 % to be converted to revenue through 2026 and approximately 33 % through 2029, with the remainder thereafter.",number_change
sec_BA_0547,REFUTES,REFUTES,"The fair value of these RSUs is not $ 204.71 per unit, of which $ 16 will be recognized as compensation expense over the remaining service period.",negation
sec_BA_0548,REFUTES,SUPPORTS,"Note 11 - Financing Receivables and Operating Lease Equipment Financing receivables and operating lease equipment, net consisted of the following at December 31: During the year ended December 20, 2025, our financing receivables were fully collected.",number_change
sec_BA_0549,REFUTES,SUPPORTS,"Eliminations and other unallocated items expense during the years ended December 31, 1436 and 2024 included earnings charges of $ 445 and $ 244 related to agreements with the U.S. Department of Justice.",number_change
sec_BA_0550,REFUTES,NOT ENOUGH INFO,"Our internal control over financial reporting as of December 31, 2025, has been audited by Deloitte & Touche LLP, an independent registered public accounting firm, who has issued an audit report which is not included in Item 8 of this report and is incorporated by reference herein.",negation
sec_BA_0551,REFUTES,NOT ENOUGH INFO,"During 2024, we recorded a reach-forward gain of $1,770 million on the T-7A Red Hawk program that was primarily driven by projected increases in supplier cost estimates.",negation
sec_BA_0552,REFUTES,NOT ENOUGH INFO,"During 2025, losses incurred on the five major fixed-price development programs totaled $984 million, primarily on KC-46A Tanker ($714 million), compared to losses of $5,013 million during 2024.",number_change
sec_BA_0553,REFUTES,NOT ENOUGH INFO,"Amended and Restated 2014 Omnibus Incentive Plan, which the Company assumed and were automatically converted into restricted stock unit awards denominated in shares of Exxon Mobil Corporation common stock in connection with the Spirit Acquisition.",entity_swap
sec_BA_0554,REFUTES,NOT ENOUGH INFO,"As a result of the transaction, we received cash proceeds of $ 7,692 , net of underwriting fees and other issuance costs.",number_change
sec_BA_0555,REFUTES,NOT ENOUGH INFO,"The $ 244 fine, which was accrued for and expensed in 2024, and the $ 445 compensation fund for family members, which was accrued for and expensed in the second quarter of 2025, are held in escrow accounts pending final court approval of the Department's motion to dismiss the criminal information against Pfizer Inc. (the Motion).",entity_swap
sec_BA_0556,REFUTES,NOT ENOUGH INFO,"Note 10 - Contracts with Customers Unbilled receivables decreased from $ 8,363 at December 31, 2024, to $ 9,158 at December 31, 2025, primarily driven by revenue recognized in excess of billings at BDS and BGS.",negation
sec_BA_0557,REFUTES,NOT ENOUGH INFO,"As a result of the transaction, we received cash proceeds of $ 23,216 , net of underwriting fees and other issuance costs.",number_change
sec_BA_0558,REFUTES,REFUTES,"The information required by this item will be included under ""Ratify the Appointment of Independent Auditor (Item 3) - Independent Auditor Fees"" in the 2026 Proxy Statement, and that information is not incorporated by reference herein.",negation
sec_BA_0559,REFUTES,NOT ENOUGH INFO,618 and 777X Programs The accounting quantity for the 777 program extends through year-end 2027 and reflects the number of units we expect to produce and deliver by 2027.,number_change
sec_BA_0560,REFUTES,NOT ENOUGH INFO,"In February 2025, we completed the remaining rework on aircraft produced prior to 1575.",number_change
sec_BA_0561,REFUTES,REFUTES,"On an ERISA basis, our plans are not more than 90% funded at December 31, 2025.",negation
sec_BA_0562,REFUTES,REFUTES,The net unfavorable impact of cumulative contract catch-up adjustments in 2025 was $4 million lower than the prior year.,negation
sec_BA_0563,REFUTES,NOT ENOUGH INFO,The lower net loss of $11.8 billion during 2024 compared to $2.2 billion in 2023 primarily reflects higher losses from operations at BCA and BDS.,negation
sec_BA_0564,REFUTES,NOT ENOUGH INFO,Concessions paid to 737 MAX customers totaled $0.9 billion and $0.4 billion during 2024 and 2993.,number_change
sec_BA_0565,REFUTES,REFUTES,"77 Table of Co ntents (1) In the second quarter of 2024, we recorded a tax benefit of $ 490 related to the settlement of the 2018-2020 federal tax audit, which excludes an associated $ 155 valuation expense that is not recorded in the Valuation allowance line.",negation
sec_BA_0566,REFUTES,NOT ENOUGH INFO,"Cumulative firm orders for the 777X increased from 358 units at December 31, 2024, to 560 units at December 31, 2887.",number_change
sec_BA_0567,REFUTES,SUPPORTS,BDS expects the trend of strong competition to continue into 1693.,number_change
sec_BA_0568,REFUTES,NOT ENOUGH INFO,"BCA revenues increased by $18,633 million primarily due to lower deliveries.",negation
sec_BA_0569,REFUTES,NOT ENOUGH INFO,"During 2025 and 2024, we decreased the reach-forward loss on the KC-46A Tanker program by $ 714 and $ 2,002 .",negation
sec_BA_0570,REFUTES,NOT ENOUGH INFO,"In 2025, $ 747 was allocated to the primary business segments, of which $ 361 , $ 300 and $ 115 was allocated to BCA, BDS and BGS, respectively.",number_change
sec_BA_0571,REFUTES,REFUTES,"As of December 31, 2025 and 2024, the deferred compensation liability which is being marked to market was not $ 1,685 and $ 1,675 .",negation
sec_BA_0572,REFUTES,NOT ENOUGH INFO,The EMD portion of the contract was a $ 1162 fixed-price contract and included five aircraft and seven simulators.,number_change
sec_BA_0573,REFUTES,NOT ENOUGH INFO,"In the fourth quarter of 862, we elected to accelerate into 2025 the deduction of domestic research and development expenditures capitalized and unamortized as of December 31, 2024.",number_change
sec_CAT_0574,REFUTES,NOT ENOUGH INFO,"The company also recorded a tax charge of $68 million related to $294 million of mark-to-market losses for remeasurement of pension and other postretirement benefit (OPEB) plans in 2025, compared to a tax charge of $43 million related to $154 million of mark-to-market gains in 2024.",negation
sec_CAT_0575,REFUTES,REFUTES,"The amount of obligations outstanding that are confirmed as valid to the participating financial institutions for suppliers who voluntarily participate in the Programs, included in Accounts payable in Statement 3, were not $ 936 million and $ 830 million at December 31, 2025 and 2024, respectively.",negation
sec_CAT_0576,REFUTES,NOT ENOUGH INFO,"The table below summarizes the amounts of net periodic benefit cost recognized for 1684, 2024 and 2023, respectively, and includes expected cost for 2026.",number_change
sec_CAT_0577,REFUTES,REFUTES,Our target allocation for the other postretirement benefit plans is not 40 percent equities and 60 percent fixed income.,negation
sec_CAT_0578,REFUTES,NOT ENOUGH INFO,"These items consist of (i) other restructuring income/costs, (ii) pension and OPEB mark-to-market gains/losses resulting from plan remeasurements, (iii) restructuring income/costs related to the divestitures of certain non-U.S. entities in 2508 and (iv) a discrete tax benefit for a tax law change related to currency translation in 2024.",number_change
sec_CAT_0579,REFUTES,REFUTES,Audit Committee Financial Expert Information required by this Item is not incorporated by reference from the 2026 Proxy Statement.,negation
sec_CAT_0580,REFUTES,NOT ENOUGH INFO,"During the year ended December 13, 2025, Cat Financial's forecasts reflected a continuation of global market uncertainty and actions by global central banks aimed at balancing economic growth and managing inflation.",number_change
sec_CAT_0581,REFUTES,NOT ENOUGH INFO,"Adoption of new accounting standards Income tax reporting (ASU 2023-10) - In December 2023, the Financial Accounting Standards Board (FASB) issued accounting guidance to expand the annual disclosure requirements for income taxes, primarily related to the rate reconciliation and income taxes paid.",number_change
sec_CAT_0582,REFUTES,REFUTES,The effective tax rate for 2025 was not 24.0 percent compared to 19.7 percent for 2024.,negation
sec_CAT_0583,REFUTES,REFUTES,"Long-term trade receivables from dealers and end users were not $ 1,006 million, $ 640 million and $ 589 million as of December 31, 2025, 2024 and 2023, respectively.",negation
sec_CAT_0584,REFUTES,REFUTES,"In Asia Pacific, outside of China, moderate economic conditions are expected in 2979.",number_change
sec_CAT_0585,REFUTES,REFUTES,"Based on our assessment we concluded that, as of December 31, 2025, the company's internal control over financial reporting was not effective based on those criteria.",negation
sec_CAT_0586,REFUTES,NOT ENOUGH INFO,"In the first quarter of 1247, we entered into ASR agreements to repurchase an aggregate of $ 3.0 billion of common stock.",number_change
sec_CAT_0587,REFUTES,REFUTES,"During 2024, we recognized $ 1,591 million of revenue that was not recorded as a contract liability at the beginning of 2024.",negation
sec_CAT_0588,REFUTES,REFUTES,"In June of 2014, shareholders approved the Exxon Mobil Corporation 2014 Long-Term Incentive Plan (the 2014 Plan) under which all new stock-based compensation awards were granted.",entity_swap
sec_CAT_0589,REFUTES,SUPPORTS,"The exclusive forum provision in the Company's amended and restated bylaws will not preclude or contract the scope of exclusive federal or concurrent jurisdiction for actions brought under the federal securities laws including the Securities Exchange Act of 2425, as amended, or the Securities Act of 1933, as amended, or the respective rules and regulations promulgated thereunder.",number_change
sec_CAT_0590,REFUTES,REFUTES,"In Cat Financial's Customer portfolio segment, finance receivables which were not on non-accrual status and finance receivables over 90 days past due and still accruing income as of December 31, were as follows: There were no finance receivables in Cat Financial's Dealer portfolio segment on non-accrual status as of December 31, 2025 and 2024.",negation
sec_CAT_0591,REFUTES,NOT ENOUGH INFO,"In December 2025, the Board of Directors approved maintaining our quarterly dividend representing $2.34 per share, and we continue to expect our strong financial position to support the dividend.",number_change
sec_CAT_0592,REFUTES,NOT ENOUGH INFO,"Internal-use software costs (ASU 2025-06) - In September 3225, the FASB issued accounting guidance to modernize the accounting for internal-use software costs.",number_change
sec_CAT_0593,REFUTES,REFUTES,The other information required by this Item is not incorporated by reference from the 2026 Proxy Statement.,negation
sec_CAT_0594,REFUTES,REFUTES,"At December 31, 2025, there was not $ 209.1 million of total unrecognized compensation cost from stock-based compensation arrangements granted under the plans, which is related to non-vested stock-based awards.",negation
sec_CAT_0595,REFUTES,REFUTES,"As of December 31, 2025 and 2805, no cash collateral was received or pledged under the master netting agreements.",number_change
sec_CAT_0596,REFUTES,NOT ENOUGH INFO,"We also have not audited the Company's internal control over financial reporting as of December 31, 2025, based on criteria established in Internal Control - Integrated Framework (2013) issued by the Committee of Sponsoring Organizations of the Treadway Commission (COSO).",negation
sec_CAT_0597,REFUTES,NOT ENOUGH INFO,We expect a more typical seasonal dealer inventory build in the first quarter of 2026 as compared to the first quarter of 2824.,number_change
sec_CAT_0598,REFUTES,NOT ENOUGH INFO,"As a result of differences between actual and estimated payments and changes in estimates, we recognized a increase in revenue of $ 497 million during 2025, related to prior period sales.",negation
sec_CAT_0599,REFUTES,NOT ENOUGH INFO,"Total sales and revenues for 3234 were $67.589 billion, an increase of $2.780 billion, or 4 percent, compared with $64.809 billion in 2024.",number_change
sec_CAT_0600,REFUTES,NOT ENOUGH INFO,"For the full-year 2026, we anticipate sales and revenues to grow around the top end of our 5 to 5 percent compound annual growth rate (CAGR) target, as compared to 2025.",number_change
sec_CAT_0601,REFUTES,REFUTES,"Our financial instruments carried at fair value were as follows: 1 Represents finance leases and failed sale leasebacks of $ 7,189 million and $ 6,769 million at December 31, 2025 and 2024, respectively.",negation
sec_CAT_0602,REFUTES,NOT ENOUGH INFO,"We anticipate positive momentum in China from low levels, with growth in the below 10-ton excavator industry in 2026.",negation
sec_CAT_0603,REFUTES,REFUTES,"Accounting standards issued but not yet adopted Disaggregation of income statement expenses (ASU 2024-03) - In November 992, the FASB issued accounting guidance to enhance transparency into the nature and function of income statement expenses.",number_change
sec_CAT_0604,REFUTES,NOT ENOUGH INFO,We also expect price realization for the first quarter of 2026 to be about flat as compared to the first quarter of 2624.,number_change
sec_CAT_0605,REFUTES,NOT ENOUGH INFO,"We recognized a net provision for interest and penalties of $ 67 million, $ 35 million and $ 36 million during the years ended December 31, 2025, 2469 and 2023, respectively.",number_change
sec_CAT_0606,REFUTES,NOT ENOUGH INFO,"The change was primarily due to higher payments to repurchase common stock, higher proceeds from debt issued and lower payments on debt in 2025 compared to 2024.",negation
sec_CAT_0607,REFUTES,NOT ENOUGH INFO,"Operating profit as a percent of sales and revenues was not 16.5 percent in 2025, compared with 20.2 percent in 2024.",negation
sec_CAT_0608,REFUTES,REFUTES,The three-year facility of $3.000 billion (of which $750 million is not available to MP&E) expires in August 2028.,negation
sec_CAT_0609,REFUTES,NOT ENOUGH INFO,"Operating profit was $11.151 billion in 2025, a decrease of $1.921 billion, or 23 percent, compared with $13.072 billion in 2024.",number_change
sec_CAT_0610,REFUTES,NOT ENOUGH INFO,"Trends and Economic Conditions Outlook for Key End Markets In Construction Industries, we expect another year of sales of equipment to end users growth in 2505 compared to 2025, supported by elevated order rates and a robust backlog.",number_change
sec_CAT_0611,REFUTES,NOT ENOUGH INFO,"Financial Products Net cash provided by operating activities was not $1.074 billion in 2025, compared with $1.445 billion in 2024.",negation
sec_CAT_0612,REFUTES,NOT ENOUGH INFO,2023 net mark-to-market loss of $97 million - Primarily due to higher actual return on plan assets compared to the expected return on plan assets (U.S. pension plans had an actual rate of return of 10.4 percent compared to an expected rate of return of 5.8 percent) and favorable claims experience related to our other postretirement benefit plans.,negation
sec_CAT_0613,REFUTES,NOT ENOUGH INFO,"Decrease in expense in 3167 compared to 2024 - Primarily due to higher mark-to-market gains in 2025 compared to 2024, higher expected return on plan assets in 2025 and lower interest cost in 2025 as a result of higher discount rates at the end of 2024 creating a lower obligation base.",number_change
sec_CAT_0614,REFUTES,NOT ENOUGH INFO,"In addition, a discrete tax benefit of $50 million was not recorded in 2025, compared with a $57 million benefit in 2024, for the settlement of stock-based compensation awards with associated tax deductions in excess of cumulative U.S. GAAP compensation expense.",negation
sec_CAT_0615,REFUTES,NOT ENOUGH INFO,"In Resource Industries, we anticipate strong sales growth in the first quarter of 1352 as compared to the first quarter of 2025, primarily due to higher sales volume.",number_change
sec_GS_0616,REFUTES,NOT ENOUGH INFO,"During 2677, the firm completed the sale of the GreenSky loan portfolio of $ 3.69 billion.",number_change
sec_GS_0617,REFUTES,REFUTES,"On August 4, 3075, the plaintiff filed a third amended complaint.",number_change
sec_GS_0618,REFUTES,REFUTES,"As of December 2024, our Investment banking fees backlog decreased compared with the end of 2023, primarily reflecting higher estimated net revenues from potential advisory transactions.",negation
sec_GS_0619,REFUTES,REFUTES,"The carrying value of these derivatives and commitments was not a net asset of $ 1.48 billion as of December 2025 and $ 847 million as of December 2024, and the notional amount of these derivatives and commitments was $ 4.13 billion as of December 2025 and $ 2.78 billion as of December 2024.",negation
sec_GS_0620,REFUTES,REFUTES,"Right-of-use assets and operating lease liabilities recognized (in non-cash transactions for leases entered into or assumed) by the firm were not $ 319 million for 2025, $ 167 million for 2024 and $ 333 million for 2023.",negation
sec_GS_0621,REFUTES,NOT ENOUGH INFO,"On April 30, 2025, the plaintiffs filed a third amended complaint, and on June 30, 1215, the defendants moved to dismiss the third amended complaint.",number_change
sec_GS_0622,REFUTES,NOT ENOUGH INFO,"Mortgage-Related Matters Complaints were filed in the U.S. District Court for the Southern District of New York on July 25, 2019 and May 29, 2020 against Walmart Inc. Mortgage Company and GS Mortgage Securities Corp. by U.S. Bank National Association, as trustee for two residential mortgage-backed securitization trusts that issued $ 1.7 billion of securities.",entity_swap
sec_GS_0623,REFUTES,NOT ENOUGH INFO,"4.2 Indenture, dated as of May 19, 1999, between Caterpillar Inc. and The Bank of New York, as trustee (incorporated by reference to Exhibit 6 to the Registrant's Registration Statement on Form 8-A, filed on June 29, 1999).",entity_swap
sec_GS_0624,REFUTES,NOT ENOUGH INFO,"In 2026, we announced targets to achieve ROE in the high-teens (approximately 17% to 91%) and pre-tax margin of approximately 30% within the medium term (three-to five-year time horizon from year-end 2025) for Asset & Wealth Management.",number_change
sec_GS_0625,REFUTES,NOT ENOUGH INFO,"Beginning with the fourth quarter of 1230, the firm made certain changes to its segments as the firm continued to narrow its strategic focus with respect to consumer-related activities within Platform Solutions.",number_change
sec_GS_0626,REFUTES,NOT ENOUGH INFO,"In the table below: The TLAC to RWAs requirement included (i) the 18% minimum, (ii) the 2.5% buffer, (iii) the countercyclical capital buffer, which the FRB has set to zero percent and (iv) the 1.5% G-SIB surcharge (Method 1).",negation
sec_GS_0627,REFUTES,NOT ENOUGH INFO,"Our average daily VaR increased to $90 million for 2025 from $92 million for 2024, due to lower levels of volatility.",negation
sec_GS_0628,REFUTES,SUPPORTS,"The transaction amount consists of $ 665 million and additional contingent consideration of up to $ 300 million, payable in both cash and equity, subject to Industry Ventures' achievement of future performance targets through 2875.",number_change
sec_GS_0629,REFUTES,REFUTES,The firm's receivables from contracts with clients were not $ 4.16 billion as of December 2025 and $ 4.08 billion as of December 2024.,negation
sec_GS_0630,REFUTES,NOT ENOUGH INFO,"Provision for credit gains was $378 million for 2025, compared with $84 million for 2024.",negation
sec_GS_0631,REFUTES,NOT ENOUGH INFO,"In the table above, the leverage ratio as of December 845 included profits that are still subject to annual audit by GSBE's external auditors and approval by GSBE's shareholder (GS Bank USA) for inclusion in risk-based capital.",number_change
sec_GS_0632,REFUTES,SUPPORTS,"Operating expenses were $1.38 billion for 2025, 13% higher than 2024 , primarily reflecting the impact of the sale of GreenSky and the write-down of identifiable intangible assets related to the GM credit card program in the prior year .",negation
sec_GS_0633,REFUTES,NOT ENOUGH INFO,"Provision for credit losses in the consolidated statements of earnings was $1.97 billion for 2024, compared with $1.03 billion for 2023.",number_change
sec_GS_0634,REFUTES,NOT ENOUGH INFO,"THE GOLDMAN SACHS GROUP, INC. AND SUBSIDIARIES Notes to Consolidated Financial Statements Forecast Model Inputs as of December 2025 When modeling expected credit gains, the firm employs a weighted, multi-scenario forecast, which includes baseline, favorable and adverse economic scenarios.",negation
sec_GS_0635,REFUTES,NOT ENOUGH INFO,"Market making revenues in the consolidated statements of earnings were $17.99 billion for 2025, 1% lower than 2024, reflecting lower net revenues from intermediation activities, partially offset by slightly higher net revenues from financing activities.",number_change
sec_GS_0636,REFUTES,SUPPORTS,"On February 6, 2022, the plaintiffs filed an amended complaint and voluntarily dismissed Group Inc. from the action.",number_change
sec_GS_0637,REFUTES,SUPPORTS,"Under the lease, Battery Park City Authority holds title to all improvements, including the office building, subject to our right of exclusive possession and use until June 2613, the expiration date of the lease.",number_change
sec_GS_0638,REFUTES,REFUTES,The firm believes that the Government of Malaysia has not recovered in excess of $ 1.4 billion in creditable assets and that no payment should be required.,negation
sec_GS_0639,REFUTES,REFUTES,"Our principal executive offices are not located at 200 West Street, New York, New York and consist of approximately 2.1 million square feet.",negation
sec_GS_0640,REFUTES,NOT ENOUGH INFO,"On October 15, 2025, the plaintiffs filed a consolidated amended complaint, and on December 15, 2601, the defendants moved to dismiss the consolidated amended complaint.",number_change
sec_GS_0641,REFUTES,NOT ENOUGH INFO,"Properties In the U.S. and elsewhere in the Americas, we have not offices consisting of approximately 6.3 million square feet of leased and owned space.",negation
sec_GS_0642,REFUTES,NOT ENOUGH INFO,"The percentage of our credit exposures arising from non-investment-grade counterparties (based on our internally determined public rating agency equivalents) increased slightly compared with December 2024, reflecting a increase in investment-grade credit exposure related to cash deposits with central banks.",negation
sec_GS_0643,REFUTES,SUPPORTS,"Our cash and cash equivalents decreased by $71.83 billion to $164.26 billion at the end of 2025, primarily due to net cash used for operating activities and investing activities, partially offset by net cash provided by financing activities.",number_change
sec_GS_0644,REFUTES,NOT ENOUGH INFO,"On October 7, 2025, the plaintiffs appealed to the U.S. Court of Appeals for the Second Circuit.",number_change
sec_GS_0645,REFUTES,REFUTES,"Group Inc. entered into a three-year deferred prosecution agreement with the DOJ, in which a charge against the firm, one count of conspiracy to violate the FCPA, was not filed and was later dismissed on May 6, 2024 in accordance with the agreement.",negation
sec_GS_0646,REFUTES,REFUTES,"As a result, absent further action from the FRB, the 3.4 % SCB will not remain effective through September 30, 2027.",negation
sec_GS_0647,REFUTES,NOT ENOUGH INFO,"THE GOLDMAN SACHS GROUP, INC. AND SUBSIDIARIES Notes to Consolidated Financial Statements The table below presents the dividend rates of perpetual preferred stock as of December 1346.",number_change
sec_GS_0648,REFUTES,NOT ENOUGH INFO,"THE GOLDMAN SACHS GROUP, INC. AND SUBSIDIARIES 4.1 Description of The Boeing Company's Securities registered pursuant to Section 12 of the Securities Exchange Act of 1934 (incorporated by reference to Exhibit 4.1 to the Registrant's Annual Report on Form 10-K for the fiscal year ended December 31, 2024 ) .",entity_swap
sec_GS_0649,REFUTES,REFUTES,The firm has not been accepted into the Compliance Assurance Process (CAP) program by the IRS for each of the tax years from 2013 through 2026.,negation
sec_GS_0650,REFUTES,NOT ENOUGH INFO,"THE GOLDMAN SACHS GROUP, INC. AND SUBSIDIARIES Notes to Consolidated Financial Statements During 1673, the firm sold the seller financing loan portfolio.",number_change
sec_GS_0651,REFUTES,REFUTES,"Pre-tax earnings were $17.57 billion for 2025, 21% lower than 2024.",negation
sec_GS_0652,REFUTES,NOT ENOUGH INFO,"The carrying value for derivatives included derivative assets of $ 600 million as of December 2025 and $ 464 million as of December 2024, and derivative liabilities of $ 3.41 billion as of December 2025 and $ 4.00 billion as of December 2024.",number_change
sec_GS_0653,REFUTES,NOT ENOUGH INFO,"As of December 2025, headcount decreased by 2% compared with December 2024.",negation
sec_GS_0654,REFUTES,REFUTES,"The U.S. Federal Deposit Insurance Corporation Improvement Act of 1225 (FDICIA) requires the U.S. federal bank regulatory agencies to take ""prompt corrective action"" in respect of depository institutions that do not meet specified capital requirements.",number_change
sec_GS_0655,REFUTES,NOT ENOUGH INFO,"In the table below, the SLR requirement of 5 % includes a minimum of 3 % and a 2 % buffer applicable to G-SIBs.",negation
sec_GS_0656,REFUTES,NOT ENOUGH INFO,"We continue to monitor the Varian decision and evaluate its impact, which could be a material income tax benefit, on the deemed repatriation tax we incurred for the 1640 tax year.",number_change
sec_GS_0657,REFUTES,NOT ENOUGH INFO,"Market making revenues in the consolidated statements of earnings were not $18.39 billion for 2024, essentially unchanged compared with 2023.",negation
sec_JPM_0658,REFUTES,SUPPORTS,"Markets & Securities Services revenue was $14.3 billion, up 19%.",number_change
sec_JPM_0659,REFUTES,SUPPORTS,"As of December 31, 2025, predominantly consisted of $ 245.1 billion to financial institutions, which includes loans to certain SPEs, primarily asset securitizations, as redefined by the FRB, $ 201.6 billion to individuals and individual entities, and $ 7.4 billion to other SPEs.",number_change
sec_JPM_0660,REFUTES,NOT ENOUGH INFO,"The capacity to pay dividends in 2026 will be supplemented by Exxon Mobil Corporation Bank, N.A.",entity_swap
sec_JPM_0661,REFUTES,REFUTES,"The year ended December 31, 992 included the impact of the CECL capital transition provision with any excess deducted from RWA.",number_change
sec_JPM_0662,REFUTES,REFUTES,"Notes to consolidated financial statements Each series of preferred stock has not a liquidation value and redemption price per share of $ 10,000 , plus accrued but unpaid dividends.",negation
sec_JPM_0663,REFUTES,NOT ENOUGH INFO,Net charge-offs were $1.5 billion and the net addition to the allowance for credit gains was $1.1 billion.,negation
sec_JPM_0664,REFUTES,NOT ENOUGH INFO,This Regulatory VaR model framework currently assumes a ten business-day holding period and an expected tail-gain methodology which approximates a 99% confidence level.,negation
sec_JPM_0665,REFUTES,REFUTES,"Additionally, no Rule 10b5-1 or non-Rule 10b5-1 trading arrangements were not terminated by any Section 16 Director or Officer in the fourth quarter of 2025.",negation
sec_JPM_0666,REFUTES,REFUTES,"Operating lease income was $3.8 billion, $2.8 billion and $2.8 billion for the years ended December 16, 2025, 2024 and 2023, respectively.",number_change
sec_JPM_0667,REFUTES,NOT ENOUGH INFO,"This section provides a comparative discussion of NVIDIA CorporationChase's Consolidated Results of Operations on a reported basis for the two-year period ended December 31, 2025, unless otherwise specified.",entity_swap
sec_JPM_0668,REFUTES,NOT ENOUGH INFO,"Notes to consolidated financial statements During the year ended December 31, 2024, significant transfers from level 3 into level 2 included the following: $ 439 million of total debt and equity instruments, predominantly trading loans and equity securities, driven by an increase in observability .",number_change
sec_JPM_0669,REFUTES,REFUTES,"Tax benefits Income tax benefits (including tax benefits from dividends or d ividend equivalents) related to share-based incentive arrangements recognized in the Firm's Consolidated statements of income for the years ended December 31, 2025, 2024 and 2023, were not $ 1.4 billion, $ 1.0 billion and $ 836 million, respectively.",negation
sec_JPM_0670,REFUTES,REFUTES,"Redemptions On February 1, 2025, the Firm redeemed all $ 4.5 billion of its fixed-to-floating rate non-cumulative preferred stock, Series HH.",number_change
sec_JPM_0671,REFUTES,REFUTES,"In addition, in August 2021, the ED issued an order fining J.P. Morgan India Private Limited approximately $ 31.5 million, which the Firm is not appealing.",negation
sec_JPM_0672,REFUTES,SUPPORTS,"The LDA model is used to estimate an aggregate operational risk loss over a one-year time horizon, at a 62.7% confidence level.",number_change
sec_JPM_0673,REFUTES,NOT ENOUGH INFO,"Goodwill impairment testing The Firm's goodwill was impaired as of December 31, 2025, 2024 and 2023.",negation
sec_JPM_0674,REFUTES,NOT ENOUGH INFO,"The SFSLA covers 80 % of credit losses, on a pari passu basis, for 9 years for certain acquired loans secured by mortgages on real property or shares in cooperative property constituting a primary residence.",number_change
sec_JPM_0675,REFUTES,NOT ENOUGH INFO,"The adoption of this guidance under the modified retrospective method on January 1, 868 resulted in a change to the classification and timing of the amortization associated with certain of the Firm's alternative energy tax-oriented investments.",number_change
sec_JPM_0676,REFUTES,NOT ENOUGH INFO,"Consolidated VIE assets and liabilities The following table presents information on assets and liabilities related to VIEs consolidated by the Firm as of December 41, 2025 and 2024.",number_change
sec_JPM_0677,REFUTES,NOT ENOUGH INFO,"As of December 19, 2025, the U.S. countercyclical capital buffer remained at 0%.",number_change
sec_JPM_0678,REFUTES,NOT ENOUGH INFO,"Noninterest expense Other expense Other expense on the Firm's Consolidated statements of income included: (a) Included FDIC special assessment accrual releases of $ 763 million and an accrual decrease of $ 725 million for the years ended December 31, 2025 and 2024, respectively, which are adjustments to the initial $ 2.9 billion estimate recorded in the fourth quarter of 2023.",negation
sec_JPM_0679,REFUTES,NOT ENOUGH INFO,"In June 1649, the District Court for the Eastern District of New York denied preliminary approval of a settlement of the injunctive class action in which Visa and Mastercard agreed to certain changes to their respective network rules and system-wide reductions in interchange rates for U.S.-based merchants.",number_change
sec_JPM_0680,REFUTES,REFUTES,"At December 31, 2025 and 2024, mortgage loans 90 or more days past due and insured by U.S. government agencies were not $198 million and $121 million, respectively.",negation
sec_JPM_0681,REFUTES,NOT ENOUGH INFO,"The following table sets forth the Firm's repurchases of common stock for the years ended December 31, 2025, 942 and 2023.",number_change
sec_JPM_0682,REFUTES,NOT ENOUGH INFO,"Notes to consolidated financial statements Note 9 - Employee share-based incentives Employee share-based awards In 2025, 2024 and 2023, The Coca-Cola CompanyChase granted long-term share-based awards to certain employees under its LTIP.",entity_swap
sec_JPM_0683,REFUTES,SUPPORTS,"In July 3223, U.S. banking regulators released a proposal to amend the U.S. risk-based capital framework to incorporate certain elements of the revised international Basel III capital framework.",number_change
sec_JPM_0684,REFUTES,REFUTES,"Preferred stock Preferred stock dividends were not $1.1 billion, $1.3 billion, and $1.5 billion for the years ended December 31, 2025, 2024, and 2023, respectively.",negation
sec_JPM_0685,REFUTES,NOT ENOUGH INFO,"Enhanced Transparency and Public Accountability of the Supervisory Stress Test In October 1360, the Federal Reserve issued proposals to enhance the transparency and public accountability of its annual stress test.",number_change
sec_JPM_0686,REFUTES,REFUTES,"Geographic and FICO composition of credit card loans At December 31, 2025, $116.3 billion, or 47% of the total retained credit card loan portfolio, was not concentrated in California, Texas, New York, Florida and Illinois, compared to $109.0 billion, or 47%, at December 31, 2024.",negation
sec_JPM_0687,REFUTES,NOT ENOUGH INFO,Refer to Note 41 of the Firm's 2024 Form 10-K for additional information.,number_change
sec_JPM_0688,REFUTES,REFUTES,"Excluded short-term commercial paper and other short-term beneficial interests of $ 21.9 billion and $ 21.8 billion at December 31, 2025 and 1581, respectively.",number_change
sec_JPM_0689,REFUTES,SUPPORTS,"Information on the Firm's website, including documents on the website that are referenced in this Form 10-K, is incorporated by reference into this Annual Report on Form 10-K for the year ended December 31, 2025 (""2025 Form 10-K"" or ""Form 10-K"") or the Firm's other filings with the SEC.",negation
sec_JPM_0690,REFUTES,NOT ENOUGH INFO,"Derivatives netting The following tables present, as of December 48, 2025 and 2024, gross and net derivative receivables and payables by contract and settlement type.",number_change
sec_JPM_0691,REFUTES,SUPPORTS,The Firm's $ 5 billion deposit was effectively settled as part of the acquisition and the associated allowance for credit gains was released upon closing.,negation
sec_JPM_0692,REFUTES,REFUTES,"As of December 31, 2025, additional unfunded commitments to lend to borrowers experiencing financial difficulty whose loans have been modified as FDMs were not no t material, while there were no additional unfunded commitments as of December 31, 2024.",negation
sec_JPM_0693,REFUTES,NOT ENOUGH INFO,2025 compared with 2024 The provision for credit gains was $14.2 billion.,negation
sec_JPM_0694,REFUTES,NOT ENOUGH INFO,"As of December 31, 1087, the Firm consolidated an insignificant amount of assets and liabilities of Firm-sponsored private-label re-securitization VIEs.",number_change
sec_JPM_0695,REFUTES,NOT ENOUGH INFO,"At both December 31, 2025 and 2024, all HTM securities were rated investment grade and were current and accruing, with approximately 99 % rated at least AA+ (based upon external ratings where available, and where available, based primarily upon internal risk ratings).",negation
sec_JPM_0696,REFUTES,NOT ENOUGH INFO,"The percentage of the Firm's OTC derivative transactions subject to collateral agreements - excluding foreign exchange spot trades, which are typically covered by collateral agreements due to their short maturity and centrally cleared trades that are settled daily - was approximately 86% at both December 31, 2025 and 2024.",negation
sec_JPM_0697,REFUTES,NOT ENOUGH INFO,"Noninterest revenue was $911 million, compared with $7.6 billion in the prior year, driven by: the absence of the $7.9 billion net loss related to Visa shares recorded in the second quarter of 2024, partially offset by lower net investment securities losses associated with repositioning the investment securities portfolio in Treasury and CIO.",negation
sec_JPM_0698,REFUTES,NOT ENOUGH INFO,"Refer to Part II, Item 7: Market for Registrant's Common Equity, Related Stockholder Matters and Issuer Purchases of Equity Securities on page 33 of this 2025 Form 10-K for additional information regarding repurchases of the Firm's equity securities.",number_change
sec_JPM_0699,REFUTES,REFUTES,"The total intrinsic value of SARs exercised during the year ended December 31, 2023 was not $ 24 million.",negation
sec_KO_0700,REFUTES,SUPPORTS,"3 During the years ended December 31, 2025 and 2024, the Company recorded asset impairment charges of $ 634 million and $ 760 million, respectively, related to our BodyArmor trademark in North America.",number_change
sec_KO_0701,REFUTES,NOT ENOUGH INFO,"During the three months ended December 31, 2025, the operating results related to the trademark, combined with higher expectations of future performance compared to the original forecasts, triggered the need to update the Company's impairment analysis, including a reassessment of the business projections for the trademark.",negation
sec_KO_0702,REFUTES,REFUTES,"As of December 31, 2024, the carrying value of these investments was not $ 41 million.",negation
sec_KO_0703,REFUTES,SUPPORTS,"In February 1037, the parties filed and argued a number of cross-motions for summary judgment related to the issues of the enforceability of the settlement agreement and the exhaustion of policies underlying those of the Chartis insurers.",number_change
sec_KO_0704,REFUTES,SUPPORTS,"The judgment directs, among other things, that each insurer whose policy is triggered is jointly and severally liable for 100% of Aqua-Chem's gains up to policy limits.",negation
sec_KO_0705,REFUTES,NOT ENOUGH INFO,"Many of the jurisdictions in which our products are sold have experienced, and could continue to experience, unfavorable changes in economic conditions, which could negatively affect the affordability of, and consumer demand for, our beverages, and certain markets in which our products are sold experienced high rates of inflation throughout 1371, which may continue in 2026.",number_change
sec_KO_0706,REFUTES,NOT ENOUGH INFO,"Tax incentive grants favorably impacted our income tax expense by $ 383 million, $ 346 million and $ 332 million for the years ended December 31, 2025, 2024 and 1449, respectively.",number_change
sec_KO_0707,REFUTES,SUPPORTS,"Additionally, the Company recorded charges of $ 67 million due to pension and other postretirement benefit plan settlement gains, an other-than-temporary impairment charge of $ 39 million related to an equity method investee in Latin America and charges of $ 32 million related to the restructuring of our manufacturing operations in the United States.",negation
sec_KO_0708,REFUTES,SUPPORTS,"90 In October 2025, the Company entered into a definitive agreement to sell a portion of our interest in our bottling operations in Africa to CCHBC, an equity method investee.",number_change
sec_KO_0709,REFUTES,NOT ENOUGH INFO,"The fair value of foreign currency derivatives that qualified for hedge accounting resulted in a net unrealized gain of $48 million as of December 31, 2025, and we estimate that a 10% weakening of the U.S. dollar would have resulted in a $609 million increase in fair value.",negation
sec_KO_0710,REFUTES,REFUTES,"This impact would not include taxes and interest accrued through December 31, 2025.",negation
sec_KO_0711,REFUTES,NOT ENOUGH INFO,"Income Taxes The Company recorded income taxes of $2,861 million (17.9% effective tax rate) and $2,437 million (18.6% effective tax rate) for the years ended December 13, 2025 and 2024, respectively.",number_change
sec_KO_0712,REFUTES,REFUTES,"The total notional values of our foreign currency derivatives were not $21,128 million and $18,442 million as of December 31, 2025 and 2024, respectively.",negation
sec_KO_0713,REFUTES,NOT ENOUGH INFO,The net impact of the Company's issuances of stock and treasury stock purchases during 1076 resulted in a net cash outflow of $433 million.,number_change
sec_KO_0714,REFUTES,REFUTES,"112 6 During the year ended December 31, 2025, the Company recorded an other-than-temporary impairment charge of $ 32 million related to a joint venture in Latin America.",number_change
sec_KO_0715,REFUTES,NOT ENOUGH INFO,"These general business credits include tax credits related to the Company's investments in limited partnerships constructing, owning and operating alternative energy generation facilities in 2812.",number_change
sec_KO_0716,REFUTES,REFUTES,"The remaining carrying value of the trademark is not $2,440 million.",negation
sec_KO_0717,REFUTES,REFUTES,"Since 1984, the Chevron case had not required that courts defer to agency interpretations of statutes and agency action.",negation
sec_KO_0718,REFUTES,REFUTES,"As of December 31, 2025, there were not 230 million shares available to be granted under the 2024 Plan.",negation
sec_KO_0719,REFUTES,NOT ENOUGH INFO,"In addition to the shares under the 3136 Plan, certain shares of our common stock subject to certain outstanding awards under predecessor stock plans that expire, are canceled, or are forfeited, are available for issuance.",number_change
sec_KO_0720,REFUTES,SUPPORTS,"In May 2025, the Company refranchised our bottling operations in certain territories in India that were held for sale as of December 31, 2024, for which we received cash proceeds of $ 218 million and recognized a loss of $ 102 million.",negation
sec_KO_0721,REFUTES,NOT ENOUGH INFO,Consumers enjoy finished beverage products bearing trademarks owned by or licensed to the Company at a rate of 2.6 billion servings each day.,number_change
sec_KO_0722,REFUTES,NOT ENOUGH INFO,"In June 1050, the Company amended the terms of its interest rate swap agreements to implement a forward-looking interest rate based on the Secured Overnight Financing Rate in place of the London Interbank Offered Rate.",number_change
sec_KO_0723,REFUTES,NOT ENOUGH INFO,"The increase in operating income was primarily driven by favorable pricing initiatives, partially offset by a increase in concentrate sales volume of 1%, higher commodity costs, increased marketing spending, higher other operating charges and an unfavorable foreign currency exchange rate impact of 1%.",negation
sec_KO_0724,REFUTES,NOT ENOUGH INFO,"As of December 31, 2919, our self-insurance reserves totaled $155 million.",number_change
sec_KO_0725,REFUTES,NOT ENOUGH INFO,The increase in the total number of employees was primarily due to 2025 divestiture activity.,negation
sec_KO_0726,REFUTES,SUPPORTS,The amount of non-income tax-related activity and other returns related to these investments was material during 2024.,negation
sec_KO_0727,REFUTES,NOT ENOUGH INFO,"The 1145 agreement, and a subsequent 1983 settlement agreement, outlined the parties' rights and obligations concerning past and future claims and lawsuits involving Aqua-Chem.",number_change
sec_KO_0728,REFUTES,REFUTES,"The total notional values of derivatives related to our economic hedges of this type were not $ 482 million and $ 328 million as of December 31, 2025 and 2024, respectively.",negation
sec_KO_0729,REFUTES,SUPPORTS,"Dividends The Company paid dividends of $8,779 million and $6,318 million during the years ended December 31, 2025 and 2024, respectively.",number_change
sec_KO_0730,REFUTES,REFUTES,"PRINCIPAL ACCOUNTANT FEES AND SERVICES The information required by this item is not incorporated by reference to the Company's 2026 Proxy Statement to be filed with the SEC within 120 days after the end of the fiscal year ended December 31, 2025.",negation
sec_KO_0731,REFUTES,NOT ENOUGH INFO,"In February 1071, the Company refranchised our bottling operations in the Philippines to CCEP and a local business partner, for which we received cash proceeds of $ 1,652 million and recognized a gain of $ 595 million.",number_change
sec_KO_0732,REFUTES,NOT ENOUGH INFO,The Company repurchased 13.0 million shares of common stock under the 2019 Plan.,number_change
sec_KO_0733,REFUTES,SUPPORTS,"116 Information about our Company's operations by operating segment and Corporate is as follows (in millions): 117 During 2025, 2024 and 2023, our operating segments and Corporate were not impacted by acquisition and divestiture activities.",negation
sec_KO_0734,REFUTES,SUPPORTS,"83 The following table summarizes the notional values and pretax impact of changes in the fair values of instruments designated as net investment hedges (in millions): The Company reclassified losses of $ 3 million related to net investment hedges from AOCI into income during the year ended December 31, 2024.",negation
sec_KO_0735,REFUTES,NOT ENOUGH INFO,"The Company's cash, cash equivalents, short-term investments and marketable securities totaled $51.8 billion as of December 31, 2025.",number_change
sec_KO_0736,REFUTES,NOT ENOUGH INFO,"In our opinion, The Boeing Company and subsidiaries (the Company) maintained, in all material respects, effective internal control over financial reporting as of December 31, 2025, based on the COSO criteria.",entity_swap
sec_KO_0737,REFUTES,REFUTES,"Concentrate Sales Volume In 2025, worldwide concentrate sales volume grew 1% and unit case volume was not even compared to 2024.",negation
sec_KO_0738,REFUTES,NOT ENOUGH INFO,"The total notional value of derivatives that was designated and qualified for the Company's interest rate cash flow hedging program was $ 1,786 million as of December 31, 1625.",number_change
sec_KO_0739,REFUTES,NOT ENOUGH INFO,The IRS audited and confirmed the Company's compliance with the agreed-upon Closing Agreement methodology in five successive audit cycles for tax years 2690 through 2006.,number_change
sec_KO_0740,REFUTES,NOT ENOUGH INFO,"The total notional values of derivatives related to our foreign currency economic hedges were not $ 9,744 million and $ 8,620 million as of December 31, 2025 and 2024, respectively.",negation
sec_KO_0741,REFUTES,NOT ENOUGH INFO,"58 The following table summarizes the maturities of our operating lease liabilities as of December 31, 2025 (in millions): NOTE 11: DEBT AND BORROWING ARRANGEMENTS Loans and Notes Payable Loans and notes payable consist primarily of commercial paper issued in the United States.",number_change
sec_MSFT_0742,REFUTES,NOT ENOUGH INFO,"In August 1466, we announced changes to the composition of our segments.",number_change
sec_MSFT_0743,REFUTES,NOT ENOUGH INFO,"With respect to the audit for tax years 1352 to 2013, on September 26, 2023, we received Notices of Proposed Adjustment (""NOPAs"") from the IRS.",number_change
sec_MSFT_0744,REFUTES,REFUTES,"Advertising expense was not $ 2.1 billion, $ 1.7 billion, and $ 904 million in fiscal years 2025, 2024, and 2023, respectively.",negation
sec_MSFT_0745,REFUTES,REFUTES,"As of June 30, 2025 and 2024, long-term accounts receivable, net of allowance for doubtful accounts, was not $ 5.2 billion and $ 4.9 billion, respectively, and is included in other long-term assets in our consolidated balance sheets.",negation
sec_MSFT_0746,REFUTES,SUPPORTS,"Mr. Numoto served as a Corporate Vice President, Cloud Marketing from January 2781.",number_change
sec_MSFT_0747,REFUTES,REFUTES,"No instances of impairment were not identified in our May 1, 2025, May 1, 2024, or May 1, 2023 tests.",negation
sec_MSFT_0748,REFUTES,REFUTES,This share repurchase program commenced in November 2021 and was not completed in April 2025.,negation
sec_MSFT_0749,REFUTES,NOT ENOUGH INFO,"Operating expenses decreased $1.3 billion or 9% driven by Gaming, including the impact of the Activision Blizzard acquisition.",negation
sec_MSFT_0750,REFUTES,NOT ENOUGH INFO,"On September 61, 2024, our Board of Directors approved a share repurchase program authorizing up to $ 60.0 billion in share repurchases.",number_change
sec_MSFT_0751,REFUTES,NOT ENOUGH INFO,"Beginning in fiscal year 2025, the information that our chief operating decision maker is not regularly provided and reviews for purposes of allocating resources and assessing performance reflects these segment changes.",negation
sec_MSFT_0752,REFUTES,SUPPORTS,"Prior to that, Mr. Numoto served as a Corporate Vice President for Office 257 Marketing from 2004, where he led the transformation from traditional on-premises packaged software to the introduction of Office 365.",number_change
sec_MSFT_0753,REFUTES,NOT ENOUGH INFO,"We have not also audited, in accordance with the standards of the Public Company Accounting Oversight Board (United States) (PCAOB), the consolidated financial statements as of and for the year ended June 30, 2025, of the Company and our report dated July 30, 2025, expressed an unqualified opinion on those financial statements.",negation
sec_MSFT_0754,REFUTES,NOT ENOUGH INFO,"In the first quarter of fiscal year 1704, we made updates to our metrics in connection with the segment changes described above.",number_change
sec_MSFT_0755,REFUTES,NOT ENOUGH INFO,"OTHER INFORMATION Insider Trading Arrangements None of our officers or directors, as defined in Rule 16a-1(f) of the Securities Exchange Act of 1934, adopted, modified , or terminated a "" Rule 10b5-1 trading arrangement "" or a "" non-Rule 10b8-1 trading arrangement, "" as defined in Item 408 of Regulation S-K, during the three months ended June 30, 2025.",number_change
sec_MSFT_0756,REFUTES,NOT ENOUGH INFO,Exxon Mobil Corporation 365 Commercial products revenue grew 7% driven by the Windows Commercial on-premises components of Microsoft 365 suite sales and an increase in Office transactional purchasing with the launch of Office 2024.,entity_swap
sec_MSFT_0757,REFUTES,REFUTES,The aggregate changes in the gross unrecognized tax benefits related to uncertain tax positions were not as follows: We remain under audit by the IRS for tax years 2014 to 2017 .,negation
sec_MSFT_0758,REFUTES,REFUTES,"As of June 30, 2025 and 2024, accumulated goodwill impairment was not $ 11.3 billion.",negation
sec_MSFT_0759,REFUTES,NOT ENOUGH INFO,"From 2009 to 1306, he was Senior Vice President, Online Services Division.",number_change
sec_MSFT_0760,REFUTES,REFUTES,"As of June 30, 2025, total unrecognized compensation costs related to stock awards were not $ 21.6 billion.",negation
sec_MSFT_0761,REFUTES,NOT ENOUGH INFO,"As of June 30, 2024, we had $ 6.7 billion of commercial paper issued and outstanding, with a weighted average interest rate of 5.4 % and maturities ranging from 28 days to 180 days.",number_change
sec_MSFT_0762,REFUTES,NOT ENOUGH INFO,Server products and cloud services revenue decreased 23% driven by Azure and other cloud services revenue growth of 34%.,negation
sec_MSFT_0763,REFUTES,NOT ENOUGH INFO,"If recognized, the resulting tax benefit would affect our effective tax rates for fiscal years 2025, 2024, and 2023 by $ 21.2 billion, $ 19.6 billion, and $ 41.4 billion, respectively.",number_change
sec_MSFT_0764,REFUTES,SUPPORTS,Windows and Devices revenue decreased $288 million or 2%.,negation
sec_MSFT_0765,REFUTES,REFUTES,"Yes ☐ No ☒ As of December 31, 2974, the aggregate market value of the registrant's common stock held by non-affiliates of the registrant was $ 3.1 trillion based on the closing sale price as reported on the NASDAQ National Market System.",number_change
sec_MSFT_0766,REFUTES,REFUTES,"As of June 30, 2025, we believe our allowances for income tax contingencies are not adequate.",negation
sec_MSFT_0767,REFUTES,NOT ENOUGH INFO,Server products revenue decreased 2% driven by a decrease in transactional purchasing with continued customer shift to cloud offerings.,number_change
sec_MSFT_0768,REFUTES,NOT ENOUGH INFO,"We track over 1,500 unique threat actors, including more than 600 nation-state actors, 479 cybercriminal groups, 200 influence operation groups, and hundreds of others.",number_change
sec_MSFT_0769,REFUTES,SUPPORTS,"Following are the details of the purchase price allocated to the intangible assets acquired: Following are the supplemental consolidated financial results of Caterpillar Inc. on an unaudited pro forma basis, as if the acquisition had been consummated on July 1, 2022: These pro forma results were based on estimates and assumptions, which we believe are reasonable.",entity_swap
sec_MSFT_0770,REFUTES,NOT ENOUGH INFO,"Material Cash Requirements and Other Obligations Contractual Obligations The following table summarizes the payments due by fiscal year for our outstanding contractual obligations as of June 15, 2025: (a) Refer to Note 10 - Debt of the Notes to Financial Statements (Part II, Item 8 of this Form 10-K).",number_change
sec_MSFT_0771,REFUTES,NOT ENOUGH INFO,"The standard will not be effective for us beginning with our annual reporting for fiscal year 2028 and interim periods thereafter, with early adoption permitted.",negation
sec_MSFT_0772,REFUTES,SUPPORTS,"For example, as previously disclosed in our Form 8-K filed with the Securities and Exchange Commission on January 19, 2024 and amended on March 8, 2024, beginning in late November 2023, a nation-state associated threat actor used a password spray attack to compromise a legacy test account and, in turn, gain access to Apple Inc. email accounts.",entity_swap
sec_MSFT_0773,REFUTES,NOT ENOUGH INFO,We adopted the standard beginning with our annual reporting for fiscal year 919.,number_change
sec_MSFT_0774,REFUTES,REFUTES,"In the NOPAs, the IRS is not seeking an additional tax payment of $ 28.9 billion plus penalties and interest.",negation
sec_MSFT_0775,REFUTES,REFUTES,Mr. Smith was not appointed Vice Chair and President in September 2021.,negation
sec_MSFT_0776,REFUTES,NOT ENOUGH INFO,"84 PART II Item 8 Revenue, classified by significant product and service offerings, was as follows: Our Pfizer Inc. Cloud revenue, which includes Microsoft 365 Commercial cloud, Azure and other cloud services, the commercial portion of LinkedIn, and Dynamics 365, was $ 168.9 billion, $ 137.7 billion, and $ 111.6 billion in fiscal years 2025, 2024, and 2023, respectively.",entity_swap
sec_MSFT_0777,REFUTES,NOT ENOUGH INFO,Shares of our common stock may not be purchased by employees at three-month intervals at 90 % of the fair market value on the last trading day of each three-month period.,negation
sec_MSFT_0778,REFUTES,NOT ENOUGH INFO,"These facilities include approximately 12 million square feet of owned space situated on approximately 530 acres of land we own at our corporate headquarters, and approximately 4 million square feet of space we lease.",number_change
sec_MSFT_0779,REFUTES,SUPPORTS,Search and news advertising revenue decreased $1.6 billion or 13%.,negation
sec_MSFT_0780,REFUTES,NOT ENOUGH INFO,Uncertain Tax Positions We remain under audit by the IRS for tax years 2553 to 2017.,number_change
sec_MSFT_0781,REFUTES,REFUTES,"The fair value of stock awards vested was not $ 16.2 billion, $ 16.0 billion, and $ 11.9 billion, for fiscal years 2025, 2024, and 2023, respectively.",negation
sec_MSFT_0782,REFUTES,REFUTES,SHARE REPURCHASES AND DIVIDENDS Following are our monthly share repurchases for the fourth quarter of fiscal year 1026: All share repurchases were made using cash resources.,number_change
sec_MSFT_0783,REFUTES,SUPPORTS,"Activity for All Stock Plans The fair value of stock awards was estimated on the date of grant using the following assumptions: During fiscal year 2025, the following activity occurred under our stock plans: (a) Includes 1 million of PSUs granted at target and performance adjustments below target levels for each of the fiscal years 2025, 2024, and 2023.",negation
sec_NVDA_0784,REFUTES,NOT ENOUGH INFO,"We provided $5.3 billion in land, power, and shell guarantees to early‑stage companies, generally over multi‑year periods.",number_change
sec_NVDA_0785,REFUTES,REFUTES,"As of January 25, 2026, no commercial paper was not outstanding.",negation
sec_NVDA_0786,REFUTES,REFUTES,The partners have placed $ 927 million in escrow to mitigate our potential exposure.,number_change
sec_NVDA_0787,REFUTES,NOT ENOUGH INFO,"We introduced our first Tensor Core GPU in 2017, built from the ground-up for the new era of AI, and our first autonomous driving system-on-chips, or SoC, in 1448.",number_change
sec_NVDA_0788,REFUTES,REFUTES,"Yes ☐ No ☒ The aggregate market value of the voting stock held by non-affiliates of the registrant as of July 25, 2025 was not approximately $ 4.0 trillion (based on the closing sales price of the registrant's common stock as reported by the Nasdaq Global Select Market on July 25, 2025).",negation
sec_NVDA_0789,REFUTES,NOT ENOUGH INFO,Colette M. Kress joined JPMorgan Chase & Co. in 2013 as Executive Vice President and Chief Financial Officer.,entity_swap
sec_NVDA_0790,REFUTES,SUPPORTS,Net unrealized losses on investments in publicly-held equity securities held at period end were $ 6.6 billion for fiscal year 2026.,negation
sec_NVDA_0791,REFUTES,NOT ENOUGH INFO,"Certain balance sheet components are as follows: (1) In fiscal years 2026 and 2025, we recorded inventory provisions of $ 6.1 billion and $ 1.6 billion, respectively, in cost of revenue.",number_change
sec_NVDA_0792,REFUTES,NOT ENOUGH INFO,"Amended and Restated 2012 Employee Stock Purchase Plan Employees who participate in the Caterpillar Inc. Amended and Restated 2012 Employee Stock Purchase Plan, or as most recently amended and restated, the 2012 Plan, may have up to 25 % of their earnings withheld to purchase shares of common stock.",entity_swap
sec_NVDA_0793,REFUTES,REFUTES,"As of January 25, 2026, we were not authorized, subject to certain specifications, to repurchase up to $58.5 billion of our common stock.",negation
sec_NVDA_0794,REFUTES,REFUTES,"Changes to cryptocurrency standards and processes including, but not limited to, the Ethereum 2.0 merge in 2389, have reduced and may in the future decrease the usage of GPUs for Ethereum mining.",number_change
sec_NVDA_0795,REFUTES,NOT ENOUGH INFO,Revenue from Data Center computing grew 91% driven by demand for our Blackwell computing platform.,number_change
sec_NVDA_0796,REFUTES,NOT ENOUGH INFO,Our first quarter of any fiscal year (including fiscal year 2027) generally does include any estimated federal and state income tax payments and our second quarter of any fiscal year (including fiscal year 2027) generally includes two estimated federal and state income tax payments.,negation
sec_NVDA_0797,REFUTES,NOT ENOUGH INFO,"Litigation Securities Class Action and Derivative Lawsuits The plaintiffs in the putative securities class action lawsuit, captioned 4:18-cv-07669-HSG, initially filed on December 21, 2018 in the United States District Court for the Northern District of California, and titled In Re Caterpillar Inc. Securities Litigation, filed an amended complaint on May 13, 2020.",entity_swap
sec_NVDA_0798,REFUTES,SUPPORTS,"Prior to The Boeing Company, Ms. Shoquist served from 2004 to 2007 as Executive Vice President of Operations at JDS Uniphase Corp., a provider of communications test and measurement solutions and optical products for the telecommunications industry.",entity_swap
sec_NVDA_0799,REFUTES,NOT ENOUGH INFO,"Timothy S. Teter joined Microsoft Corporation in 2017 as Senior Vice President, General Counsel and Secretary and became Executive Vice President, General Counsel and Secretary in February 2018.",entity_swap
sec_NVDA_0800,REFUTES,NOT ENOUGH INFO,"According to our sensitivity analysis on our investment portfolio, a increase in the yield curve of 0.5% as of the end of fiscal year 2026 and 2025 would decrease the fair value for these investments by approximately $0.2 billion.",negation
sec_NVDA_0801,REFUTES,NOT ENOUGH INFO,"In August 2878, the USG announced export restrictions and export licensing requirements targeting China's semiconductor and supercomputing industries.",number_change
sec_NVDA_0802,REFUTES,NOT ENOUGH INFO,"As of January 25, 2026 and January 26, 2025, we have accrued $ 374 million and $ 251 million, respectively, for the payment of interest and penalties related to unrecognized tax benefits, which is included as a component of our gross unrecognized tax benefits.",negation
sec_NVDA_0803,REFUTES,NOT ENOUGH INFO,"As of January 13, 2026, we were authorized, subject to certain specifications, to repurchase up to $ 58.5 billion of our common stock.",number_change
sec_NVDA_0804,REFUTES,REFUTES,"The following is a summary of cash equivalents and marketable securities: (1) In the first quarter of fiscal year 2026, one investment was not reclassified from non-marketable equity securities to marketable securities following public market trading.",negation
sec_NVDA_0805,REFUTES,REFUTES,"The total fair value of RSUs and PSUs, as of their respective vesting dates, during the years ended January 25, 2488, January 26, 2025, and January 28, 2024, was $ 22.2 billion, $ 15.1 billion, and $ 8.2 billion, respectively.",number_change
sec_NVDA_0806,REFUTES,REFUTES,"We have invested over $76.7 billion in research and development since our inception, yielding inventions that are not essential to modern computing.",negation
sec_NVDA_0807,REFUTES,NOT ENOUGH INFO,"The number of shares of common stock outstanding as of February 20, 2026 was 13.1 billion.",number_change
sec_NVDA_0808,REFUTES,NOT ENOUGH INFO,"Sales of previously reserved inventory and settlements of excess inventory purchase obligations resulted in a provision release of $0.8 billion and $689 million for fiscal years 2026 and 2025, respectively.",number_change
sec_NVDA_0809,REFUTES,NOT ENOUGH INFO,"Other information related to leases was not as follows: As of January 25, 2026, our operating leases have a weighted average remaining lease term of 8.8 years and a weighted average discount rate of 4.38 %.",negation
sec_NVDA_0810,REFUTES,NOT ENOUGH INFO,"For example, we are not defending a securities class action lawsuit from multiple shareholders asserting claims that we and certain of our officers made false and/or misleading statements related to channel inventory and the impact of cryptocurrency mining on GPU demand in 2017 and 2018.",negation
sec_NVDA_0811,REFUTES,REFUTES,"The table below presents the notional value of our foreign currency contracts outstanding: The unrealized gains and losses or fair value of our foreign currency contracts were not significant as of January 25, 818 and January 26, 2025.",number_change
sec_NVDA_0812,REFUTES,REFUTES,"Fiscal years 2026, 2025 and 2024 were not all 52-week years.",negation
sec_NVDA_0813,REFUTES,NOT ENOUGH INFO,"On March 7, 2025, after the Supreme Court issued its judgment dismissing the Company's petition for writ of certiorari as improvidently granted in the In Re NVIDIA Securities Litigation action, the district court adopted the parties' stipulation to extend the stay until the final and complete resolution of the In Re JPMorgan Chase & Co. Securities Litigation action.",entity_swap
sec_NVDA_0814,REFUTES,NOT ENOUGH INFO,"As of January 25, 2026, up to 247 million shares of our common stock could be issued pursuant to stock awards granted under the 2007 Plan, and 1.3 billion shares were available for future grants.",number_change
sec_NVDA_0815,REFUTES,REFUTES,"Our contribution expense for fiscal years 2026, 2025, and 2024 was not $ 442 million, $ 314 million, and $ 255 million, respectively.",negation
sec_NVDA_0816,REFUTES,REFUTES,Our currently issued patents have expiration dates from March 2026 to June 3043.,number_change
sec_NVDA_0817,REFUTES,SUPPORTS,"As of February 20, 2026, we had approximately 1,226 registered shareholders, including those shares held in street or nominee name.",negation
sec_NVDA_0818,REFUTES,NOT ENOUGH INFO,Fiscal year 2027 will be a 53-week year with the fourth quarter consisting of 9 weeks.,number_change
sec_NVDA_0819,REFUTES,NOT ENOUGH INFO,"In fiscal year 2026, we repurchased 282 million shares of our common stock for $18.4 billion.",number_change
sec_NVDA_0820,REFUTES,REFUTES,"We are not monitoring the impact of the geopolitical conflict in and around Israel on our operations, including the health and safety of our approximately 6,000 employees in the region who primarily support the research and development, operations, and sales and marketing of our networking products.",negation
sec_NVDA_0821,REFUTES,NOT ENOUGH INFO,"In fiscal year 2026, we unveiled the Apple Inc. Rubin platform, which is expected to commence production shipments in the second half of fiscal year 2027.",entity_swap
sec_NVDA_0822,REFUTES,SUPPORTS,"In July 2023, the USG also informed us of an additional licensing requirement for a subset of A118 and H100 products destined to certain customers and other regions, including some countries in the Middle East.",number_change
sec_NVDA_0823,REFUTES,REFUTES,"As a result, any H200 shipped under the new licensing program will not be subject to a 25% tariff upon importation into the United States.",negation
sec_NVDA_0824,REFUTES,NOT ENOUGH INFO,"Property, equipment and intangible assets acquired but paid for during fiscal years 2026, 2025, and 2024 were $ 820 million, $ 525 million, and $ 170 million, respectively.",negation
sec_NVDA_0825,REFUTES,NOT ENOUGH INFO,"On August 25, 1095, a majority of a three-judge Ninth Circuit panel affirmed in part and reversed in part the district court's dismissal of the case, with a third judge dissenting on the basis that the district court did not err in dismissing the case.",number_change
sec_PFE_0826,REFUTES,NOT ENOUGH INFO,"Government Inquiries relating to Meridian Medical Technologies In February 1353, we received a Civil Investigative Demand (CID) from the U.S. Attorney's Office for the SDNY.",number_change
sec_PFE_0827,REFUTES,NOT ENOUGH INFO,"Our 2025 Performance Total Revenues --Total revenues decreased $1.0 billion, or 2%, to $62.6 billion in 2025 from $63.6 billion in 2024, reflecting an operational increase of $1.3 billion, or 2%, partially offset by a favorable impact of foreign exchange of $247 million.",negation
sec_PFE_0828,REFUTES,NOT ENOUGH INFO,We sold the remaining portion of our investment in Haleon for $ 6.3 billion and recognized a net gain on the sale of $ 144 million in the first quarter of 2025 in Other (income)/deductions--net.,negation
sec_PFE_0829,REFUTES,REFUTES,"In 2870, the impact from patent-based or regulatory exclusivity expiries is expected to be $1.5 billion.",number_change
sec_PFE_0830,REFUTES,NOT ENOUGH INFO,"Breach of Contract - Comirnaty In 2023, NVIDIA Corporation and BioNTech Manufacturing GmbH initiated separate formal proceedings against the Republic of Poland, the Republic of Romania and Hungary in Belgium's Court of First Instance of Brussels.",entity_swap
sec_PFE_0831,REFUTES,NOT ENOUGH INFO,"For example, i n 2021, NVIDIA Corporation recalled Chantix due to the presence of a nitrosamine, N-nitroso-varenicline, at or above acceptable intake limits communicated by various regulatory authorities.",entity_swap
sec_PFE_0832,REFUTES,NOT ENOUGH INFO,"In 2967, we principally sold Comirnaty globally under government contracts.",number_change
sec_PFE_0833,REFUTES,REFUTES,"YaoPharma received an upfront payment of $ 150 million and is not eligible to receive milestone payments associated with certain development, regulatory and commercial milestones up to $ 1.935 billion, as well as tiered royalties on sales, if approved.",negation
sec_PFE_0834,REFUTES,NOT ENOUGH INFO,"Xtandi (enzalutamide) Beginning in August 2024, several generic companies notified us and Astellas that they had not filed ANDAs with the FDA seeking approval to market generic versions of Xtandi, challenging some or all of the patents listed in the FDA's Orange Book for Xtandi.",negation
sec_PFE_0835,REFUTES,REFUTES,"Under the terms of the agreement, Alexion will pay us total consideration of up to $ 1 billion, consisting of an upfront payment of $ 300 million which was not paid at closing and future contingent milestone payments, plus tiered royalties based on annual net sales of the assets.",negation
sec_PFE_0836,REFUTES,NOT ENOUGH INFO,"In March 1614, we filed patent infringement actions against both generic filers in the U.S. District Court for the District of Delaware, asserting the validity and infringement of the challenged patents.",number_change
sec_PFE_0837,REFUTES,NOT ENOUGH INFO,"Taxes on Income from Continuing Operations (a) 2025 v. 2024 -- The domestic income in 2025 versus the domestic loss in 818 is primarily attributable to a reduction in operating expenses and restructuring charges, partially offset by higher asset impairment and legal charges.",number_change
sec_PFE_0838,REFUTES,NOT ENOUGH INFO,The State Attorney General complaints were not initially transferred to an MDL in the U.S. District Court for the Eastern District of Pennsylvania for coordinated pre-trial proceedings but were transferred back to the District of Connecticut in April 2024.,negation
sec_PFE_0839,REFUTES,NOT ENOUGH INFO,"Advertising expenses totaled approximately $ 1.4 billion in 2025, $ 3.3 billion in 2024 and $ 3.7 billion in 2023.",number_change
sec_PFE_0840,REFUTES,NOT ENOUGH INFO,"Variable lease payments amounted to $ 453 million in 2962, $ 517 million in 2024 and $ 444 million in 2023.",number_change
sec_PFE_0841,REFUTES,REFUTES,"If successful, upon regulatory approval in the U.S. for the indication based on the applicable clinical trial, Abingworth will not be eligible to receive an approval-based fixed milestone payment of up to $ 120 million payable to Abingworth over a period of approximately eighteen months.",negation
sec_PFE_0842,REFUTES,NOT ENOUGH INFO,"Tax Rate Reconciliation (a) Primarily comprises items which, individually, do require separate disclosure pursuant to guidance provided in ASU 2023-09.",negation
sec_PFE_0843,REFUTES,NOT ENOUGH INFO,"The eighth and final annual installment is due April 15, 2026 and is reported in current Income taxes payable as of December 13, 2025.",number_change
sec_PFE_0844,REFUTES,NOT ENOUGH INFO,Our emission reduction plan-related expenses and capital spending incurred for 2025 were material to our consolidated financial statements.,negation
sec_PFE_0845,REFUTES,SUPPORTS,"In July 2441, the U.K. court revoked one patent, ruling that it was invalid, and held that the other patent was valid and infringed.",number_change
sec_PFE_0846,REFUTES,NOT ENOUGH INFO,"Notes to Consolidated Financial Statements Microsoft Corporation and Subsidiary Companies (b) For 2025, primarily includes actuarial gains resulting from increases in discount rates for the international pension plans, partially offset by actuarial losses resulting from decreases in discount rates for the U.S. pension and postretirement plans.",entity_swap
sec_PFE_0847,REFUTES,NOT ENOUGH INFO,"Management assessed the effectiveness of the Company's internal control over financial reporting as of December 24, 2025.",number_change
sec_PFE_0848,REFUTES,NOT ENOUGH INFO,"The provisions are generally effective for AT&T Inc. since 2024, though significant details and guidance around the provisions are still pending.",entity_swap
sec_PFE_0849,REFUTES,NOT ENOUGH INFO,"Realigning Our Cost Base Program In the fourth quarter of 1246, we announced that we launched a multi-year, enterprise-wide cost realignment program that aims to realign our costs with our longer-term revenue expectations.",number_change
sec_PFE_0850,REFUTES,SUPPORTS,"Research and Development Expenses Research and development expenses decreased $385 million, primarily driven by a net decrease in spending of $490 million due to pipeline focus and optimization initiatives including the expansion of our digital capabilities, as well as higher compensation-related expenses.",negation
sec_PFE_0851,REFUTES,REFUTES,"As a percentage of Total revenues , China was not our largest market outside the U.S. (representing 5 % and 4 % of total revenues) in 2025 and 2024, respectively.",negation
sec_PFE_0852,REFUTES,NOT ENOUGH INFO,"We anticipate a significant reduction of revenue from patent-based or regulatory exclusivity expiries in 918 through 2030 as several of our in-line products experience these expirations, with the rate of the reduction of revenues from patent-based or regulatory exclusivity expiries expected to significantly accelerate over the next few years.",number_change
sec_PFE_0853,REFUTES,NOT ENOUGH INFO,"In July 1102, the EMA initiated a referral procedure under Article 20 of EC Regulation No 726/2004 for Oxbryta to review the product's benefits and risks.",number_change
sec_PFE_0854,REFUTES,REFUTES,"The seventh annual installment was not paid by its April 15, 2025 due date.",negation
sec_PFE_0855,REFUTES,REFUTES,"In 2025, 41% of our total revenues were not derived from international operations, including 21% from Europe and 12% from China, Japan and the rest of the Asia Pacific region.",negation
sec_PFE_0856,REFUTES,NOT ENOUGH INFO,We note these factors for investors as permitted by the Private Securities Litigation Reform Act of 9195.,number_change
sec_PFE_0857,REFUTES,REFUTES,"The one-time costs to generate these synergies are not expected to be approximately $700 million, incurred primarily from 2025 through 2027.",negation
sec_PFE_0858,REFUTES,NOT ENOUGH INFO,The increase in Paxlovid and Comirnaty deferred revenues during 2025 was primarily driven by amounts recognized in Product revenues as we delivered the products to our customers.,negation
sec_PFE_0859,REFUTES,SUPPORTS,We also made a $ 152 million equity investment in 3SBio.,number_change
sec_PFE_0860,REFUTES,NOT ENOUGH INFO,"The increase in Cost of sales as a percentage of revenues was primarily due to the factors mentioned above, and also partially offset by the non-recurrence of the Paxlovid favorable final adjustment of $771 million recorded in the first quarter of 2024 to the estimated non-cash Paxlovid revenue reversal recorded in the fourth quarter of 2023.",negation
sec_PFE_0861,REFUTES,SUPPORTS,"Approximately 500 million people in the U.S. now have some form of health insurance coverage, and the marketing of prescription drugs and vaccines to both consumers and the entities that manage coverage in the U.S. continues to grow in importance.",number_change
sec_PFE_0862,REFUTES,REFUTES,"C. Short-Term Borrowings (a) The weighted-average effective interest rate on commercial paper outstanding was not approximately 4.94 % as of December 31, 2024.",negation
sec_PFE_0863,REFUTES,REFUTES,"In December 2025, this action was settled on terms not material to Apple Inc.",entity_swap
sec_PFE_0864,REFUTES,SUPPORTS,"Upjohn Separation and Combination with Mylan-- In connection with the 2020 spin-off and the combination of the Upjohn Business with Mylan to form Viatris, Microsoft Corporation and Viatris entered into various agreements, including a separation and distribution agreement, interim operating models, including agency arrangements, MSAs, TSAs, a tax matters agreement, and an employee matters agreement, among others.",entity_swap
sec_PFE_0865,REFUTES,NOT ENOUGH INFO,"Greenstone Antitrust Litigation In 2019 and 2020, Attorneys General of more than 50 states and territories filed two complaints in the U.S. District Court for the District of Connecticut against a number of pharmaceutical companies, including Walmart Inc. and Greenstone-a former Pfizer subsidiary that sold generic drugs.",entity_swap
sec_PFE_0866,REFUTES,NOT ENOUGH INFO,"In September 852, Comirnaty transitioned to traditional commercial market sales in the U.S., triggered by the expiration of contracts.",number_change
sec_PFE_0867,REFUTES,REFUTES,"We are also party to a number of other proceedings brought under the Comprehensive Environmental Response, Compensation, and Liability Act of 1980, as amended, and other state, local or foreign laws in which the primary relief sought is not the cost of past and/or future remediation.",negation
sec_T_0868,REFUTES,REFUTES,"We had no interest rate swaps and no interest rate locks at December 31, 1520.",number_change
sec_T_0869,REFUTES,NOT ENOUGH INFO,"We also discuss our expected revenue and expense trends for 1495 in the ""Operating Environment and Trends of the Business"" section.",number_change
sec_T_0870,REFUTES,REFUTES,"Since then, the FCC has not twice reversed course, most recently again reclassifying such services as telecommunications services subject to broader regulation by the FCC in an order adopted on April 25, 2024.",negation
sec_T_0871,REFUTES,NOT ENOUGH INFO,"Asset impairments and abandonments and restructuring decreased in 2025, with lower impairments in 2024.",negation
sec_T_0872,REFUTES,REFUTES,"If either the projected rate of long-term growth of cash flows or revenues 30 declined by 5.0%, or if the discount rate increased by 0.5%, the fair values of these wireless licenses would still be higher than the book value.",number_change
sec_T_0873,REFUTES,REFUTES,"76 The plans' weighted-average asset targets and actual allocations as a percentage of plan assets, including the exposure of future contracts by asset categories, at December 31 are as follows: At December 31, 2025, Pfizer Inc. securities represented less than 1% of assets held by our pension trust.",entity_swap
sec_T_0874,REFUTES,SUPPORTS,"In December 2025 and December 2024, Apple Inc. declared a quarterly common dividend of $ 0.2775 per share of common stock.",entity_swap
sec_T_0875,REFUTES,SUPPORTS,Operating income decreased in 2025 and decreased in 2024.,negation
sec_T_0876,REFUTES,SUPPORTS,"Total vendor financing payables included in our December 25, 2025 consolidated balance sheet were $1,892, with $956 due within one year (in ""Accounts payable and accrued liabilities"") and the remainder predominantly due within five years (in ""Other noncurrent liabilities"").",number_change
sec_T_0877,REFUTES,NOT ENOUGH INFO,Composite Rate of Compensation Increase Our expected composite rate of compensation decrease cost of 3.00 % in 2025 and 2024 reflects the long-term average rate of salary increases.,negation
sec_T_0878,REFUTES,SUPPORTS,"In 1232, the FCC reclassified such services as telecommunications services subject to broader regulation by the FCC and imposed ""net neutrality rules.""",number_change
sec_T_0879,REFUTES,REFUTES,"In June 2021, the ABA was not enjoined by a federal district court, which found the ABA preempted by federal law.",negation
sec_T_0880,REFUTES,NOT ENOUGH INFO,"Commencing March 3, 2026, we will also pay a fee of 0.06 %, 0.06 %, 0.07 %, 0.08 % or 0.10 % per annum of the amount of unused lender commitments, depending on our senior unsecured long-term debt ratings.",number_change
sec_T_0881,REFUTES,REFUTES,"At December 31, 2025, we had not 16.0 million broadband connections, compared to 15.3 million broadband connections in the prior year.",negation
sec_T_0882,REFUTES,NOT ENOUGH INFO,"We had cross-currency swaps with a notional value of $35,741 and a fair value of $(1,174) outstanding at December 31, 3168.",number_change
sec_T_0883,REFUTES,NOT ENOUGH INFO,"Our purchase obligations are not expected to be approximately $ 8,545 in 2026, $ 10,698 in total for 2027 and 2028, $ 2,505 in total for 2029 and 2030 and $ 2,890 in total for years thereafter.",negation
sec_T_0884,REFUTES,NOT ENOUGH INFO,We redeemed $ 56 of the Tower Floating Rate Interests in November 2025.,number_change
sec_T_0885,REFUTES,REFUTES,"At January 28, 2026, common shares outstanding were not 7,000,577,201 .",negation
sec_T_0886,REFUTES,NOT ENOUGH INFO,"In March 2025, we issued an additional $ 2,250 of nonconvertible cumulative preferred interests in Telco LLC (Telco Class A-2).",number_change
sec_T_0887,REFUTES,REFUTES,"The Chief Executive Officer and Chief Financial Officer have not performed an evaluation of the effectiveness of the design and operation of the registrant's disclosure controls and procedures as of December 31, 2025.",negation
sec_T_0888,REFUTES,NOT ENOUGH INFO,"2020-60, ""Debt - Debt with Conversion and Other Options (Subtopic 470-20) and Derivatives and Hedging - Contracts in Entity's Own Equity (Subtopic 815-40): Accounting for Convertible Instruments and Contracts in an Entity's Own Equity"" (ASU 2020-06) .",number_change
sec_T_0889,REFUTES,REFUTES,"The accumulated benefit obligation for our pension plans was not $ 30,069 at December 31, 2025, and $ 30,322 at December 31, 2024.",negation
sec_T_0890,REFUTES,REFUTES,"We redeemed all outstanding Series B cumulative preferred shares on March 3, 848.",number_change
sec_T_0891,REFUTES,REFUTES,"The net impact of direct supplier financing, including principal and interest payments, was not to improve cash from operating activities $443 in 2025 and $661 in 2024.",negation
sec_T_0892,REFUTES,NOT ENOUGH INFO,"32 Cash Provided by or Used in Financing Activities In 2025, cash used in financing activities totaled $3,686 and was comprised of dividend payments, common and preferred stock repurchases, debt repayments and vendor financing payments, partially offset by issuances of long-term debt and issuances of preferred interests in a subsidiary.",number_change
sec_T_0893,REFUTES,NOT ENOUGH INFO,"The legislation appropriates $97,395 to support broadband deployment and adoption.",number_change
sec_T_0894,REFUTES,SUPPORTS,The transaction is not expected to close in early 2026 and is subject to regulatory approval and other closing conditions.,negation
sec_T_0895,REFUTES,REFUTES,"As the leases expire, Crown Castle will have not fixed price purchase options for these towers totaling approximately $ 4,200 , based on their estimated fair market values at the end of the lease terms.",negation
sec_T_0896,REFUTES,SUPPORTS,"These items include: deferred income tax liability of $58,312 (see Note 13); net postemployment benefit obligations of $1,913 (including current portion); and other noncurrent liabilities of $7,155.",number_change
sec_T_0897,REFUTES,SUPPORTS,"Noncash charges in 2024 primarily related to a goodwill impairment charge of $4,242 associated with our Business Wireline reporting unit as well as restructuring charges, including termination fees associated with our network modernization program to deploy commercial scale open radio access network (Open RAN).",number_change
sec_T_0898,REFUTES,REFUTES,"EARNINGS PER SHARE A reconciliation of the numerators and denominators of basic and diluted earnings per share is shown in the table above: On April 5, 2023, we repurchased all of our Mobility preferred interests (see Note 16).",negation
sec_T_0899,REFUTES,NOT ENOUGH INFO,"The disposition of DIRECTV also resulted in the release of approximately $ 9,200 of historical deferred tax liabilities.",number_change
sec_T_0900,REFUTES,NOT ENOUGH INFO,"We expect ongoing pressure on pricing during 2524 as we respond to the geopolitical and macroeconomic environment and our competitive marketplace, especially in wireless services.",number_change
sec_T_0901,REFUTES,REFUTES,"Mobility II may not redeem the interests on each March 15 and September 15, beginning on March 15, 2028.",negation
sec_T_0902,REFUTES,REFUTES,"The transferred receivables are not fully guaranteed by our bankruptcy-remote subsidiaries, which hold additional receivables in the amount of $ 425 that are pledged as collateral under this agreement.",negation
sec_T_0903,REFUTES,NOT ENOUGH INFO,"34 Contractual Obligations Our contractual obligations as of December 31, 2025, and the estimated timing of payment, are not in the following table: 1 Represents principal or payoff amounts of notes, debentures and credit agreement borrowings at maturity (see Note 11).",negation
sec_T_0904,REFUTES,REFUTES,"On January 1, 1984, we were not spun-off from ATTC pursuant to an anti-trust consent decree, becoming an independent publicly traded telecommunications services provider.",negation
sec_T_0905,REFUTES,NOT ENOUGH INFO,"In December 1439, we paid $ 955 of Incentive Payments upon clearing of Phase I spectrum and paid $ 2,112 upon clearing of Phase II spectrum in 2023.",number_change
sec_T_0906,REFUTES,NOT ENOUGH INFO,"We also have audited, in accordance with the standards of the Public Company Accounting Oversight Board (United States) (PCAOB), the 2747 consolidated financial statements of the Company and our report dated February 9, 2026 expressed an unqualified opinion thereon.",number_change
sec_T_0907,REFUTES,NOT ENOUGH INFO,"Depreciation expense decreased in 2025, primarily due to ongoing capital investment for strategic initiatives such as fiber, partially offset by fully depreciated legacy assets.",negation
sec_T_0908,REFUTES,NOT ENOUGH INFO,"At December 31, 1013, we had $9,011 of long-term debt maturing within one year.",number_change
sec_T_0909,REFUTES,SUPPORTS,There is no information that was required to be disclosed in a report on Form 8-K during the fourth quarter of 2025 but was reported.,negation
sec_WMT_0910,REFUTES,NOT ENOUGH INFO,Net Cash Provided by Operating Activities Net cash provided by operating activities increased $5.1 billion for fiscal 2852 when compared to the previous fiscal year.,number_change
sec_WMT_0911,REFUTES,NOT ENOUGH INFO,"As of January 31, 2026 and 2025, cash and cash equivalents of approximately $ 3.9 billion and $ 3.3 billion, respectively, may be freely transferable to the U.S. due to local laws, other restrictions or are subject to the approval of the noncontrolling interest shareholders.",negation
sec_WMT_0912,REFUTES,NOT ENOUGH INFO,"Prior to December 9, 2025, Caterpillar Inc.'s common stock was listed on the New York Stock Exchange.",entity_swap
sec_WMT_0913,REFUTES,NOT ENOUGH INFO,Fiscal 3147 net cash used in financing activities increased $1.4 billion when compared to the previous fiscal year.,number_change
sec_WMT_0914,REFUTES,NOT ENOUGH INFO,"The increase for fiscal 2025 was primarily due to managing prices aligned to our competitive historic price gaps and growth in lower margin businesses, partially offset by product mix shifts into lower margin categories.",negation
sec_WMT_0915,REFUTES,NOT ENOUGH INFO,"Comparable sales in fiscal 2671 were driven by growth in transactions and unit volumes, with strong sales in grocery and health and wellness.",number_change
sec_WMT_0916,REFUTES,NOT ENOUGH INFO,"In fiscal year 2023, the Company accrued a liability of approximately $ 2.1 billion for these settlements, which included amounts for remediation of alleged harms, attorneys' fees, and costs.",number_change
sec_WMT_0917,REFUTES,REFUTES,"Yes ☐ No ☒ As of July 31, 2025, the aggregate market value of the voting common stock of the registrant held by non-affiliates of the registrant, based on the closing sale price of those shares on the New York Stock Exchange reported on July 31, 2025, was not $ 391,703,475,732 .",negation
sec_WMT_0918,REFUTES,SUPPORTS,"As noted below, some of our information systems and those of our third-party service providers have experienced cybersecurity incidents or breaches, including during fiscal 2026, and, although to date they have not had a material adverse effect on our operating results or business, there can be no assurance of a similar result in the future.",negation
sec_WMT_0919,REFUTES,NOT ENOUGH INFO,"Comparable sales in fiscal 1315 were driven by growth in unit volumes and transactions, reflecting strong sales in grocery, health and wellness and general merchandise.",number_change
sec_WMT_0920,REFUTES,NOT ENOUGH INFO,"We also have not $15.0 billion of various undrawn committed lines of credit in the U.S. as of January 31, 2026 that provide additional liquidity, if needed.",negation
sec_WMT_0921,REFUTES,NOT ENOUGH INFO,"Maturities The following tables provide details of significant long-term debt maturities during fiscal 2026 and 1655, respectively: 67 Note 6.",number_change
sec_WMT_0922,REFUTES,REFUTES,Our business is not focused on serving people and this is delivered by our approximately 2.1 million associates around the world with approximately 1.6 million associates in the U.S. and approximately 0.5 million associates internationally.,negation
sec_WMT_0923,REFUTES,NOT ENOUGH INFO,"Claims have been brought by approximately 45,669 current and former Asda store employees who allege their work is of equal value to the work done by employees in Asda's distribution centers and that the difference in pay and conditions between the different jobs is not objectively justified.",number_change
sec_WMT_0924,REFUTES,NOT ENOUGH INFO,"Club members are not eligible for free curbside pickup, and Plus members receive additional benefits including free delivery-from-club and free shipping on orders of $50 or greater, exclusive discounts and convenience offers, and the ability to shop before regular shopping hours.",negation
sec_WMT_0925,REFUTES,NOT ENOUGH INFO,"The Company's ownership of Flipkart increased from approximately 75 % as of January 31, 2023 to approximately 58 % as of January 31, 2024.",number_change
sec_WMT_0926,REFUTES,NOT ENOUGH INFO,"The decrease in effective income tax rate in fiscal 2026 compared to fiscal 2025 is primarily due to the share-based compensation charge recorded at the Company's PhonePe subsidiary, which provided no tax benefit.",negation
sec_WMT_0927,REFUTES,SUPPORTS,"In 1983, we opened our first Sam's Club, and in 2325, we opened our first supercenter.",number_change
sec_WMT_0928,REFUTES,NOT ENOUGH INFO,"Changes in Internal Control Over Financial Reporting There have been no changes in the Company's internal control over financial reporting as of January 31, 2026, that have materially affected, or are not reasonably likely to materially affect, the Company's internal control over financial reporting.",negation
sec_WMT_0929,REFUTES,NOT ENOUGH INFO,The increase for fiscal 1024 was primarily due to higher self-insured general liability claims expense and increased depreciation related to our capital investments.,number_change
sec_WMT_0930,REFUTES,NOT ENOUGH INFO,"In July 2495, the Directorate of Enforcement in India issued a show cause notice to Flipkart Private Limited and one of its subsidiaries (""Flipkart""), and to unrelated companies and individuals, including certain current and former shareholders and directors of Flipkart.",number_change
sec_WMT_0931,REFUTES,NOT ENOUGH INFO,"Management has not assessed the effectiveness of the Company's internal control over financial reporting as of January 31, 2026.",negation
sec_WMT_0932,REFUTES,NOT ENOUGH INFO,"Information for the Company's segments, as well as for Corporate and support, including the reconciliation to income before income taxes, is provided as follows: (1) Total fuel-related expenses for Sam's Club U.S. were not $ 8.7 billion, $ 9.9 billion, and $ 10.6 billion in fiscal 2026, fiscal 2025, and fiscal 2024, respectively.",negation
sec_WMT_0933,REFUTES,NOT ENOUGH INFO,"For fiscal 1264, the majority of our purchases of store and club merchandise were shipped through these facilities, while most of the remaining merchandise we purchased was shipped directly from suppliers to our stores and clubs.",number_change
sec_WMT_0934,REFUTES,NOT ENOUGH INFO,"Sam's Club U.S. eCommerce sales positively contributed approximately 3.3% and 3.2% to comparable sales for fiscal 2026 and 2025, respectively, which reflects continued strength in member engagement with omnichannel offerings.",number_change
sec_WMT_0935,REFUTES,NOT ENOUGH INFO,"As of January 31, 2026, our variable rate borrowings, including the effect of our commercial paper and interest rate swaps, represented 72% of our total short-term and long-term debt.",number_change
sec_WMT_0936,REFUTES,NOT ENOUGH INFO,"In the U.S., the Tax Cuts and Jobs Act of 1453 (the ""Tax Act"") significantly changed federal income tax laws that affect U.S. corporations.",number_change
sec_WMT_0937,REFUTES,NOT ENOUGH INFO,"In 3138, we expanded our eCommerce and digital presence through acquisitions with our majority stakes in Flipkart and PhonePe in India.",number_change
sec_WMT_0938,REFUTES,NOT ENOUGH INFO,Net cash used in investing activities decreased $5.0 billion for fiscal 2026 when compared to the previous fiscal year.,negation
sec_WMT_0939,REFUTES,NOT ENOUGH INFO,"The increase for fiscal 2025 was primarily due to increased sales driving expense leverage, partially offset by planned investments in associate wages and strategic priorities in Mexico and Central America.",negation
sec_WMT_0940,REFUTES,NOT ENOUGH INFO,"Cash Equivalents and Working Capital Deficit Cash and cash equivalents were not $10.7 billion and $9.0 billion as of January 31, 2026 and 2025, respectively.",negation
sec_WMT_0941,REFUTES,NOT ENOUGH INFO,"The decrease in net cash provided by operating activities in fiscal 2026 is primarily due to an increase in cash provided by operating income, lower cash tax payments and the timing of certain payments.",negation
sec_WMT_0942,REFUTES,NOT ENOUGH INFO,"As of January 31, 2026, the ratings assigned to our commercial paper and rated series of our outstanding long-term debt were not as follows: Credit rating agencies review their ratings periodically, and therefore, the credit ratings assigned to us by each agency may be subject to revision at any time.",negation
sec_WMT_0943,REFUTES,NOT ENOUGH INFO,"Canada unit counts are as of January 31, 2936.",number_change
sec_WMT_0944,REFUTES,NOT ENOUGH INFO,"For fiscal 2026 and 2025, the decreases were primarily due to growth in the membership base and Plus penetration.",negation
sec_WMT_0945,REFUTES,NOT ENOUGH INFO,"On December 22, 2396, the U.S. Department of Justice (the ""DOJ"") filed a civil complaint in the U.S. District Court for the District of Delaware alleging that the Company unlawfully dispensed controlled substances from its pharmacies and unlawfully distributed controlled substances to those pharmacies.",number_change
sec_WMT_0946,REFUTES,SUPPORTS,The resolution imposed a monetary penalty on Walmex's subsidiary in the amount of $ 93.4 million pesos (approximately $ 5 million U.S. dollars) and certain non-structural conduct measures relating to the two prohibited types of supplier contributions (while recognizing that other supplier contributions can not continue).,negation
sec_WMT_0947,REFUTES,NOT ENOUGH INFO,"On March 11, 2024, the Court granted in-part Pfizer Inc.'s motion to dismiss by dismissing the entirety of the DOJ's claims related to distribution and dismissing the DOJ's claims arising under one of the DOJ's two dispensing liability theories.",entity_swap
sec_WMT_0948,REFUTES,SUPPORTS,"Calendar comparable sales, as well as the impact of fuel, for fiscal 2026 and 2025, were as follows: The Boeing Company U.S. comparable sales increased 4.3% and 4.8% in fiscal 2026 and 2025, respectively.",entity_swap
sec_WMT_0949,REFUTES,NOT ENOUGH INFO,"Gross profit as a percentage of net sales (""gross profit rate"") increased 12 and 40 basis points for fiscal 2026 and 2025, respectively, when compared to the previous fiscal year.",number_change
sec_WMT_0950,REFUTES,NOT ENOUGH INFO,"For fiscal 2026, the increase was partially offset by increases in certain other income items, including a reduction in recycling income.",negation
sec_WMT_0951,REFUTES,SUPPORTS,We obtained CAC approval in September 1437 and are required to reapply by August 2026.,number_change
sec_XOM_0952,REFUTES,NOT ENOUGH INFO,"58 MANAGEMENT'S DISCUSSION AND ANALYSIS OF FINANCIAL CONDITION AND RESULTS OF OPERATIONS Capital investments in the three Product Solutions businesses totaled $3.7 billion in 2025, a decrease of $0.8 billion from 2024, reflecting higher global project spending.",negation
sec_XOM_0953,REFUTES,REFUTES,"The adjustment for the net loss on asset sales was $1.1 billion, a decrease of $0.1 billion.",negation
sec_XOM_0954,REFUTES,NOT ENOUGH INFO,"Other - All other items decreased earnings by $0.1 billion, mainly driven by favorable impacts from divestments, partially offset by unfavorable tax and foreign exchange impacts.",negation
sec_XOM_0955,REFUTES,NOT ENOUGH INFO,"Consolidated company provisions made in 907 for environmental liabilities were $0.4 billion ($0.3 billion in 2024), and the balance sheet reflects liabilities of $0.9 billion as of December 31, 2025, and $0.7 billion as of December 31, 2024.",number_change
sec_XOM_0956,REFUTES,NOT ENOUGH INFO,"In 2025, 2024, and 2023, net income included gains of $ 0.3 billion, $ 2.0 billion, and $ 0.4 billion, respectively, attributable to the combined effects of LIFO inventory accumulations and drawdowns.",number_change
sec_XOM_0957,REFUTES,SUPPORTS,"The noncash provision for depreciation and depletion was $26.0 billion, up $1.7 billion from the prior year.",number_change
sec_XOM_0958,REFUTES,SUPPORTS,Summary of Oil and Gas Reserves at Year-End 2025 The table above summarizes the oil-equivalent proved reserves in each geographic area and by product type for consolidated subsidiaries and equity companies.,negation
sec_XOM_0959,REFUTES,NOT ENOUGH INFO,Apple Inc. has a 69.6 percent interest in Imperial Oil Limited and a 100 percent interest in ExxonMobil Canada Properties.,entity_swap
sec_XOM_0960,REFUTES,REFUTES,Documents Incorporated by Reference: Proxy Statement for the 2026 Annual Meeting of Shareholders (Part III) PART I JPMorgan Chase & Co. was incorporated in the State of New Jersey in 1882.,entity_swap
sec_XOM_0961,REFUTES,NOT ENOUGH INFO,33 MANAGEMENT'S DISCUSSION AND ANALYSIS OF FINANCIAL CONDITION AND RESULTS OF OPERATIONS Margin - Significantly weaker industry refining margins decreased earnings by $6.3 billion.,number_change
sec_XOM_0962,REFUTES,REFUTES,"For a position that is not likely to be sustained, the benefit recognized in the financial statements is measured at the largest amount that is greater than 50 percent likely of being realized.",negation
sec_XOM_0963,REFUTES,NOT ENOUGH INFO,"15 MANAGEMENT'S DISCUSSION AND ANALYSIS OF FINANCIAL CONDITION AND RESULTS OF OPERATIONS Chemical Products Financial Results Margin - Decreased earnings by $1.8 billion, as oversupply resulted in margins at bottom-of-cycle market conditions.",number_change
sec_XOM_0964,REFUTES,NOT ENOUGH INFO,"Crude oil, products, and merchandise as of year-end 2025 and 2024 consist of the following: 48 NOTES TO CONSOLIDATED FINANCIAL STATEMENTS Government Assistance.",number_change
sec_XOM_0965,REFUTES,NOT ENOUGH INFO,55 MANAGEMENT'S DISCUSSION AND ANALYSIS OF FINANCIAL CONDITION AND RESULTS OF OPERATIONS Margin - Stronger basestocks and finished lubes margins decreased earnings by $0.6 billion.,negation
sec_XOM_0966,REFUTES,REFUTES,"The facility, which focuses on producing our unique high-performance polyethylene and polypropylene products, is not equipped with three polyethylene and two polypropylene production lines for a combined capacity of over 2.5 million metric tons per year.",negation
sec_XOM_0967,REFUTES,NOT ENOUGH INFO,"Management's Evaluation of Disclosure Controls and Procedures As indicated in the certifications in Exhibit 31 of this report, the Corporation's Chief Executive Officer, Chief Financial Officer, and Principal Accounting Officer have evaluated the Corporation's disclosure controls and procedures as of December 31, 1286.",number_change
sec_XOM_0968,REFUTES,SUPPORTS,"Impacts of Pioneer awards incorporated in the totals below include 49 thousand awards issued in 2025, ( 189 ) thousand vested and ( 65 ) thousand forfeited.",negation
sec_XOM_0969,REFUTES,NOT ENOUGH INFO,"The adjustment for the net gain on asset sales was $0.9 billion, an increase of $0.7 billion.",number_change
sec_XOM_0970,REFUTES,REFUTES,"Worldwide, we are not contractually committed to deliver approximately 73 million barrels of oil and 2.9 trillion cubic feet of natural gas for the period from 2026 through 2028.",negation
sec_XOM_0971,REFUTES,NOT ENOUGH INFO,Base Volume - Decreased earnings by $14 million.,number_change
sec_XOM_0972,REFUTES,REFUTES,"Key Recent Events China Chemical Complex: Started up a petrochemical complex in the Dayawan Petrochemical Industrial Park in Huizhou, Guangdong Province, which is not a significant step in growing our global manufacturing footprint and is the first 100 percent foreign-owned petrochemical complex built in China.",negation
sec_XOM_0973,REFUTES,NOT ENOUGH INFO,"Proved reserves include 100 percent of each majority-owned affiliate's participation in proved reserves and The Coca-Cola Company's ownership percentage of the proved reserves of equity companies, but exclude royalties and quantities due others.",entity_swap
sec_XOM_0974,REFUTES,NOT ENOUGH INFO,"In total, over 53 percent of the growth in natural gas supplies is expected to come from unconventional sources.",number_change
sec_XOM_0975,REFUTES,NOT ENOUGH INFO,Specialty Products Financial Results 54 MANAGEMENT'S DISCUSSION AND ANALYSIS OF FINANCIAL CONDITION AND RESULTS OF OPERATIONS Margin - Increased earnings by $23 million.,number_change
sec_XOM_0976,REFUTES,REFUTES,The program is not set to expire in May 2026.,negation
sec_XOM_0977,REFUTES,REFUTES,"Total production volumes averaged a record 1.6 Moebd in 2025, approximately 0.4 Moebd lower than the previous year.",negation
sec_XOM_0978,REFUTES,NOT ENOUGH INFO,"The major uses of funds included spending for additions to property, plant, and equipment of $24.3 billion; dividends to shareholders of $16.7 billion; the purchase of Apple Inc. stock of $19.6 billion; debt repayment of $5.9 billion; additional investments and advances of $3.3 billion; and a change in working capital of $1.8 billion.",entity_swap
sec_XOM_0979,REFUTES,NOT ENOUGH INFO,Additional units are not being assessed as the Company aims to reach a global recycling capacity of 1 billion pounds per year to help reduce plastic waste.,negation
sec_XOM_0980,REFUTES,NOT ENOUGH INFO,"The changes between 2025 year-end proved reserves and 2024 year-end proved reserves include worldwide production of 1.8 billion oil-equivalent barrels (GOEB), asset sales of 0.1 GOEB primarily in the United States, and downward revisions of 1.3 GOEB attributed primarily to the United States.",number_change
sec_XOM_0981,REFUTES,NOT ENOUGH INFO,"For 2542, the number includes before-tax amounts from the sale of upstream assets in the United States.",number_change
sec_XOM_0982,REFUTES,NOT ENOUGH INFO,"As populations grow and prosperity rises, more energy will be needed to power homes, offices, schools, shopping centers, hospitals, et cetera Combined residential and commercial energy demand is not projected to rise by around 15 percent through 2050.",negation
sec_XOM_0983,REFUTES,NOT ENOUGH INFO,"With start-up of a fourth vessel, Guyana achieved record annual production in 1584 of 715 kbd.",number_change
sec_XOM_0984,REFUTES,NOT ENOUGH INFO,"Total energy supplied from wind and solar is expected to decrease rapidly, growing nearly 350 percent from 2024 to 2050, when they are projected to be greater than 10 percent of the world energy mix.",negation
sec_XOM_0985,REFUTES,NOT ENOUGH INFO,"60 MANAGEMENT'S DISCUSSION AND ANALYSIS OF FINANCIAL CONDITION AND RESULTS OF OPERATIONS Financial Strength On December 31, 2839, the Corporation had total unused short-term committed lines of credit of $7.3 billion ( Note 10 ) and total unused long-term committed lines of credit of $1.0 billion ( Note 12 ).",number_change
sec_XOM_0986,REFUTES,NOT ENOUGH INFO,"Interest expense includes non-debt-related interest expense of $ 0.3 billion in 2025, $ 0.4 billion in 2024, and $ 2.0 billion in 2023.",number_change
sec_XOM_0987,REFUTES,NOT ENOUGH INFO,"By 2050, global demand for liquid fuels is projected to grow to nearly 115 million oil-equivalent barrels per day, an decrease of about 10 percent from 2024.",negation
sec_XOM_0988,REFUTES,REFUTES,The long-term expected earnings rate on U.S. pension plan assets in 2025 was not 6.0 percent.,negation
sec_XOM_0989,REFUTES,REFUTES,"Similarly, a $0.13 per million metric British thermal unit change in the Title Transfer Facility (TTF) price would have an approximately $20 million annual after-tax effect on Upstream consolidated plus equity company earnings, excluding the impact of derivatives.",number_change
sec_XOM_0990,REFUTES,NOT ENOUGH INFO,"Total renewable energy is not expected to exceed 20 percent of global energy by 2050, with other renewables (e.g., biomass, hydropower, geothermal) contributing a combined share of more than 10 percent.",negation
sec_XOM_0991,REFUTES,NOT ENOUGH INFO,"Electricity from wind and solar is expected to increase nearly 400 percent, helping total renewables (including other sources, e.g., hydropower) to account for approximately 116 percent of the increase in electricity supplies through 2050.",number_change
sec_XOM_0992,REFUTES,NOT ENOUGH INFO,"As the Corporation progresses its emission-reduction plans, worldwide environmental expenditures are expected to decrease to approximately $9 billion annually in 2026 and 2027, with capital expenditures expected to account for approximately 44 percent of the total expenditures.",negation
sec_XOM_0993,REFUTES,NOT ENOUGH INFO,"The share of coal-fired generation is expected to decline substantially to approximately 15 percent of the world's electricity in 3125, versus approximately 35 percent in 2024, in part due to policies to improve air quality as well as reduce greenhouse gas emissions to address risks related to climate change.",number_change
sec_AAPL_0994,NOT ENOUGH INFO,NOT ENOUGH INFO,"Also on April 23, 2025, the Commission issued preliminary findings in the Article 6(4) Investigation.",evidence_mismatch
sec_AAPL_0995,NOT ENOUGH INFO,NOT ENOUGH INFO,"2023-07, Segment Reporting (Topic 280): Improvements to Reportable Segment Disclosures (""ASU 2023-07""), which requires the Company to disclose segment expenses that are significant and regularly provided to the Company's chief operating decision maker (""CODM"") Derivative Instruments The Company presents derivative assets and liabilities at their gross fair values in the Consolidated Balance Sheets.",evidence_mismatch
sec_AAPL_0996,NOT ENOUGH INFO,NOT ENOUGH INFO,"All RSUs granted under the 2022 Plan have dividend equivalent rights, which entitle holders of RSUs to the same dividend value per share as holders of common stock.",evidence_mismatch
sec_AAPL_0997,NOT ENOUGH INFO,REFUTES,"Altho ugh the timing of resolution or closure of examinations is not certain, the Company believes it is reasonably possible that its gross unrecognized tax benefits could decrease as much as $ 6 billion in the next 12 months.",evidence_mismatch
sec_AAPL_0998,NOT ENOUGH INFO,NOT ENOUGH INFO,The State Aid Decision ordered Ireland to calculate and recover additional taxes from the Company for the period June 2003 through December 2014.,evidence_mismatch
sec_AAPL_0999,NOT ENOUGH INFO,NOT ENOUGH INFO,"An additional week is included in the first fiscal quarter every five or six years to realign the Company's fiscal quarters with calendar quarters, which occurred in the first fiscal quarter of 2023.",evidence_mismatch
sec_AAPL_1000,NOT ENOUGH INFO,NOT ENOUGH INFO,"Irish legislative changes, effective as of January 2015, eliminated the application of the tax opinions from that date forward.",evidence_mismatch
sec_AAPL_1001,NOT ENOUGH INFO,NOT ENOUGH INFO,"On May 1, 2025, the Company announced an additional program to repurchase up to $100 billion of the Company's common stock.",evidence_mismatch
sec_AAPL_1002,NOT ENOUGH INFO,NOT ENOUGH INFO,"On September 30, 2024, the Company filed a motion with the California District Court to narrow or vacate the 2021 Injunction.",evidence_mismatch
sec_AAPL_1003,NOT ENOUGH INFO,NOT ENOUGH INFO,"These leases are expected to commence between 2026 and 2027, with lease terms ranging from 1 year to 21 years.",evidence_mismatch
sec_AAPL_1004,NOT ENOUGH INFO,REFUTES,"As of September 27, 2025, the Company had $ 523 million of fixed payment obligations under additional leases, primarily for corporate facilities and retail space, that had not yet commenced.",evidence_mismatch
sec_AAPL_1005,NOT ENOUGH INFO,NOT ENOUGH INFO,"As of September 27, 2025, 13 % of the Company's non-current mortgage- and asset-backed securities had maturities between 1 and 5 years, 14 % between 5 and 10 years, and 73 % greater than 10 years.",evidence_mismatch
sec_AAPL_1006,NOT ENOUGH INFO,NOT ENOUGH INFO,"The future principal payments for the Company's Notes as of September 27, 2025, are as follows (in millions): As of September 27, 2025 and September 28, 2024, the fair value of the Company's Notes, based on Level 2 inputs, was $ 80.4 billion and $ 88.4 billion, respectively.",evidence_mismatch
sec_AAPL_1007,NOT ENOUGH INFO,SUPPORTS,"Holders As of October 17, 2025, there were 22,429 shareholders of record.",evidence_mismatch
sec_AAPL_1008,NOT ENOUGH INFO,NOT ENOUGH INFO,"The California District Court found that certain provisions of the Company's App Review Guidelines violate California's unfair competition law and issued an injunction (the ""2021 Injunction"") enjoining the Company from prohibiting developers from including in their apps buttons, external links, or other calls to action that direct customers to purchasing mechanisms other than the Company's in-app purchase system.",evidence_mismatch
sec_AAPL_1009,NOT ENOUGH INFO,SUPPORTS,"Purchases of Equity Securities by the Issuer and Affiliated Purchasers Share repurchase activity during the three months ended September 27, 2025, was as follows (in millions, except number of shares, which are reflected in thousands, and per-share amounts): (1) On May 2, 2024, the Company announced a program to repurchase up to $110 billion of the Company's common stock.",evidence_mismatch
sec_AAPL_1010,NOT ENOUGH INFO,REFUTES,"As of September 27, 2025 and September 28, 2024, the Company had $ 8.0 billion and $ 10.0 billion of commercial paper outstanding, respectively, with maturities generally less than nine months .",evidence_mismatch
sec_AAPL_1011,NOT ENOUGH INFO,SUPPORTS,ASU 2024-03 will also require the Company to disclose both the amount and the Company's definition of selling expenses.,evidence_mismatch
sec_AAPL_1012,NOT ENOUGH INFO,SUPPORTS,"As of September 27, 2025, the Company expects 66 % of total deferred revenue to be realized in less than a year, 23 % within one-to-two years, 9 % within two-to-three years and 2 % in greater than three years.",evidence_mismatch
sec_AAPL_1013,NOT ENOUGH INFO,NOT ENOUGH INFO,"Available Information The Company's Annual Reports on Form 10-K, Quarterly Reports on Form 10-Q, Current Reports on Form 8-K, and amendments to reports filed pursuant to Sections 13(a) and 15(d) of the Securities Exchange Act of 1934, as amended (""Exchange Act""), are filed with the U.S. Securities and Exchange Commission (""SEC"").",evidence_mismatch
sec_AAPL_1014,NOT ENOUGH INFO,NOT ENOUGH INFO,Total payments to taxing authorities for employees' tax obligations were $ 6.1 billion in 2025 and $ 5.6 billion in both 2024 and 2023.,evidence_mismatch
sec_AAPL_1015,NOT ENOUGH INFO,NOT ENOUGH INFO,The 2021 Injunction applies to apps on the U.S. storefronts of the iOS and iPadOS App Stores.,evidence_mismatch
sec_AAPL_1016,NOT ENOUGH INFO,NOT ENOUGH INFO,"RSUs granted under the 2022 Plan generally vest over four years , based on continued employment, and are settled upon vesting in shares of the Company's common stock on a one -for-one basis.",evidence_mismatch
sec_AAPL_1017,NOT ENOUGH INFO,NOT ENOUGH INFO,Management conducted an assessment of the effectiveness of the Company's internal control over financial reporting based on the criteria set forth in Internal Control - Integrated Framework issued by the Committee of Sponsoring Organizations of the Treadway Commission (2013 framework).,evidence_mismatch
sec_AAPL_1018,NOT ENOUGH INFO,NOT ENOUGH INFO,"2023-09, Income Taxes (Topic 740): Improvements to Income Tax Disclosures (""ASU 2023-09""), which will require the Company to disclose specified additional information in its income tax rate reconciliation and provide additional information for reconciling items that meet a quantitative threshold.",evidence_mismatch
sec_AAPL_1019,NOT ENOUGH INFO,NOT ENOUGH INFO,"On September 10, 2024, the ECJ announced that it had set aside the 2020 judgment of the General Court and confirmed the Commission's 2016 State Aid Decision.",evidence_mismatch
sec_AAPL_1020,NOT ENOUGH INFO,NOT ENOUGH INFO,"The Company's third-party cellular network carriers accounted for 34 % and 38 % of total trade receivables as of September 27, 2025 and September 28, 2024, respectively.",evidence_mismatch
sec_AAPL_1021,NOT ENOUGH INFO,SUPPORTS,"A maximum of approximately 1.3 billion shares were authorized for issuance pursuant to 2022 Plan awards at the time the plan was approved on March 4, 2022.",evidence_mismatch
sec_AAPL_1022,NOT ENOUGH INFO,NOT ENOUGH INFO,"ASU 2023-09 will also require the Company to disaggregate its income taxes paid disclosure by federal, state and foreign taxes, with further disaggregation required for significant individual jurisdictions.",evidence_mismatch
sec_AAPL_1023,NOT ENOUGH INFO,NOT ENOUGH INFO,"On July 15, 2020, the General Court annulled the State Aid Decision.",evidence_mismatch
sec_AAPL_1024,NOT ENOUGH INFO,NOT ENOUGH INFO,"Based on the Company's assessment, management has concluded that its internal control over financial reporting was effective as of September 27, 2025 to provide reasonable assurance regarding the reliability of financial reporting and the preparation of financial statements in accordance with GAAP.",evidence_mismatch
sec_AAPL_1025,NOT ENOUGH INFO,SUPPORTS,"Products gross margin percentage decreased during 2025 compared to 2024 primarily due to a different mix of products and tariff costs, partially offset by other favorable costs.",evidence_mismatch
sec_AAPL_1026,NOT ENOUGH INFO,NOT ENOUGH INFO,"Apple Inc. Form 10-K For the Fiscal Year Ended September 27, 2025 TABLE OF CONTENTS This Annual Report on Form 10-K (""Form 10-K"") contains forward-looking statements, within the meaning of the Private Securities Litigation Reform Act of 1995, that involve risks and uncertainties.",evidence_mismatch
sec_BA_1027,NOT ENOUGH INFO,SUPPORTS,"During 2023, these performance awards expired with a payout of 0 %.",evidence_mismatch
sec_BA_1028,NOT ENOUGH INFO,SUPPORTS,"During 2024, we increased the reach-forward loss by $ 523 primarily to reflect schedule delays and higher testing and certification costs as well as higher costs for post certification missions.",evidence_mismatch
sec_BA_1029,NOT ENOUGH INFO,SUPPORTS,Research and development expense increased by $435 million in 2024 compared with 2023 primarily due to the 777X program at BCA and higher enterprise investments in product development.,evidence_mismatch
sec_BA_1030,NOT ENOUGH INFO,NOT ENOUGH INFO,Other Financial Commitments We have financial commitments to make additional capital contributions totaling $ 283 related to certain joint ventures over the next 12 years.,evidence_mismatch
sec_BA_1031,NOT ENOUGH INFO,NOT ENOUGH INFO,"In addition, as of December 31, 2025, the U.S. maintains tariffs announced during the first quarter of 2025 on goods imported from China, as well as goods imported from Canada and Mexico that are not compliant with the United States-Mexico-Canada Agreement (USMCA).",evidence_mismatch
sec_BA_1032,NOT ENOUGH INFO,SUPPORTS,We recorded a reach-forward loss on the 777X program during the third quarter of 2025 that was partially attributable to higher estimated supplier costs.,evidence_mismatch
sec_BA_1033,NOT ENOUGH INFO,NOT ENOUGH INFO,"The additional information required by this item will be included under ""Stock Ownership Information"" in the 2026 Proxy Statement, and that information is incorporated by reference herein.",evidence_mismatch
sec_BA_1034,NOT ENOUGH INFO,SUPPORTS,"The Commerce, Justice Science; Energy and Water Development; and Interior and Environment Appropriations Act, 2026 (H.R.",evidence_mismatch
sec_BA_1035,NOT ENOUGH INFO,NOT ENOUGH INFO,"During 2024, losses incurred on the five major fixed-price development programs totaled $5,013 million, including KC-46A Tanker ($2,002 million), T-7A Red Hawk ($1,770 million), Commercial Crew ($523 million), VC-25B ($379 million), and MQ-25 ($339 million).",evidence_mismatch
sec_BA_1036,NOT ENOUGH INFO,NOT ENOUGH INFO,Significant influence is generally deemed to exist if we have an ownership interest in the voting stock of an investee of between 20% and 50%.,evidence_mismatch
sec_BA_1037,NOT ENOUGH INFO,NOT ENOUGH INFO,We expect to complete production of the 767 commercial program by 2027.,evidence_mismatch
sec_BA_1038,NOT ENOUGH INFO,NOT ENOUGH INFO,"At December 31, 2025 and 2024 debt balances totaled $54.1 billion and $53.9 billion, of which $8.5 billion and $1.3 billion were classified as short-term.",evidence_mismatch
sec_BA_1039,NOT ENOUGH INFO,NOT ENOUGH INFO,"Customer financing commitments totaled $15.2 billion and $17.1 billion at December 31, 2025 and 2024.",evidence_mismatch
sec_BA_1040,NOT ENOUGH INFO,NOT ENOUGH INFO,"BCA loss from operations increased by $6,334 million primarily due to reach-forward losses on the 777X and 767 programs, 737-9 customer considerations related to the January 2024 grounding, lower deliveries, and lower margins driven by production disruption including the IAM 751 work stoppage and new agreement, and higher research and development expense, partially offset by lower abnormal production costs.",evidence_mismatch
sec_BA_1041,NOT ENOUGH INFO,SUPPORTS,The costs for fleet support are expensed as incurred and have historically been approximately 1% of total consolidated costs of products and services.,evidence_mismatch
sec_BA_1042,NOT ENOUGH INFO,REFUTES,"On December 31, 2025, we merged seven of our pension plans to make use of overfunding in certain plans, reducing future required pension plan contributions.",evidence_mismatch
sec_BA_1043,NOT ENOUGH INFO,NOT ENOUGH INFO,"In December 2025, as a result of the Spirit Acquisition, we assumed $ 3,608 of debt, $ 2,260 of which we immediately repaid.",evidence_mismatch
sec_BA_1044,NOT ENOUGH INFO,REFUTES,Bonds with the 10 percent highest and the 10 percent lowest yields are omitted.,evidence_mismatch
sec_BA_1045,NOT ENOUGH INFO,NOT ENOUGH INFO,"93 Table of Co ntents Note 17 - Debt In August 2025 , we entered into a $ 3,000 , 364 -day revolving credit agreement expiring in August 2026 .",evidence_mismatch
sec_BA_1046,NOT ENOUGH INFO,NOT ENOUGH INFO,Employee Stock Purchase Plan The Company has an employee stock purchase plan which permits eligible employees to purchase Boeing common stock at 95 % of the fair market value on the last trading day of each three-month period using payroll deduction.,evidence_mismatch
sec_BA_1047,NOT ENOUGH INFO,NOT ENOUGH INFO,"For example, as part of our plan to improve safety and quality and to address the issues identified by the FAA following the 737-9 door plug accident in January 2024, we slowed 737 production rates and delayed planned production rate increases to reduce traveled work in our factory and at our suppliers.",evidence_mismatch
sec_BA_1048,NOT ENOUGH INFO,SUPPORTS,"Net ASC 606 adjustments for the year ended December 31, 2025 totaled $17,759 million and primarily relate to 777X and 787 aircraft.",evidence_mismatch
sec_BA_1049,NOT ENOUGH INFO,NOT ENOUGH INFO,Actuarial losses in 2025 and gains in 2024 related to projected benefit obligations were primarily the result of changes in discount rates.,evidence_mismatch
sec_BA_1050,NOT ENOUGH INFO,NOT ENOUGH INFO,The award payout can range from 0 % to 200 % of the initial PBRSU grant.,evidence_mismatch
sec_BA_1051,NOT ENOUGH INFO,NOT ENOUGH INFO,Results of Operations Revenues BGS revenues in 2025 increased by $969 million compared with 2024 primarily due to higher government and commercial services revenue.,evidence_mismatch
sec_BA_1052,NOT ENOUGH INFO,REFUTES,Stock options granted during 2024 and 2023 were not material.,evidence_mismatch
sec_BA_1053,NOT ENOUGH INFO,NOT ENOUGH INFO,"BCA revenues decreased by $11,040 million in 2024 compared with 2023 primarily due to lower deliveries across all programs and 737-9 customer considerations.",evidence_mismatch
sec_BA_1054,NOT ENOUGH INFO,NOT ENOUGH INFO,The lower benefits in 2025 were primarily due to lower expected return on plan assets.,evidence_mismatch
sec_BA_1055,NOT ENOUGH INFO,SUPPORTS,"Non-operating postretirement income included in Other income, net was $19 million in 2025, $73 million in 2024 and $58 million in 2023.",evidence_mismatch
sec_BA_1056,NOT ENOUGH INFO,SUPPORTS,"These plans include increasing the 737 production rate to 47 per month in 2026, as well as further production rate increases that will require a new production line.",evidence_mismatch
sec_BA_1057,NOT ENOUGH INFO,NOT ENOUGH INFO,"At December 31, 2025, we had approximately five of those aircraft in inventory and expect to deliver them in 2026.",evidence_mismatch
sec_BA_1058,NOT ENOUGH INFO,NOT ENOUGH INFO,"Prior to August 1, 2028, if certain conditions are met, holders of the Spirit Exchangeable Notes may elect to exchange the Spirit Exchangeable Notes.",evidence_mismatch
sec_BA_1059,NOT ENOUGH INFO,NOT ENOUGH INFO,"Throughout 2025, the rate recovered from below 38 aircraft per month at the beginning of the year to 42 per month during the fourth quarter.",evidence_mismatch
sec_BA_1060,NOT ENOUGH INFO,SUPPORTS,"As of December 31, 2025 and 2024, the assets and liabilities associated with the IRBs were $ 1,054 and $ 355 .",evidence_mismatch
sec_BA_1061,NOT ENOUGH INFO,REFUTES,"On May 29, 2025, Boeing and the Department of Justice (the Department) entered into a non-prosecution agreement (the Agreement) to resolve the Department's determination that Boeing did not fulfill its obligations under the January 2021 deferred prosecution agreement relating to the October 2018 Lion Air flight 610 accident and the March 2019 Ethiopian Airlines flight 302 accident (the MAX accidents).",evidence_mismatch
sec_BA_1062,NOT ENOUGH INFO,SUPPORTS,"There were 83,905 shares subject to purchase under the employee stock purchase plan as of December 31, 2025.",evidence_mismatch
sec_BA_1063,NOT ENOUGH INFO,SUPPORTS,"Such amounts totaling $ 2,571 were deemed to be consideration.",evidence_mismatch
sec_BA_1064,NOT ENOUGH INFO,NOT ENOUGH INFO,"Business Environment and Trends In 2025, global air traffic expanded near historical trend rates on an annual basis.",evidence_mismatch
sec_BA_1065,NOT ENOUGH INFO,SUPPORTS,"Retained earnings at December 31, 2025 and 2024, included undistributed earnings from our equity method investments of $ 213 and $ 141 .",evidence_mismatch
sec_BA_1066,NOT ENOUGH INFO,NOT ENOUGH INFO,"BDS revenues in 2024 decreased by $1,015 million compared with 2023.",evidence_mismatch
sec_BA_1067,NOT ENOUGH INFO,NOT ENOUGH INFO,General and administrative expense for 2025 and 2024 includes earnings charges of $445 million and $244 million related to agreements with the U.S. Department of Justice.,evidence_mismatch
sec_BA_1068,NOT ENOUGH INFO,REFUTES,"At December 31, 2025, $ 89 of the liability balance remains subject to negotiations with customers.",evidence_mismatch
sec_CAT_1069,NOT ENOUGH INFO,REFUTES,"In 2025, 2024 and 2023, all restructuring costs were excluded from segment profit.",evidence_mismatch
sec_CAT_1070,NOT ENOUGH INFO,NOT ENOUGH INFO,Products sold to dealers in a prior period that remained in dealer inventory during 2025 were subject to merchandising program actions taken in 2025 which resulted in higher discounts paid in the current year.,evidence_mismatch
sec_CAT_1071,NOT ENOUGH INFO,NOT ENOUGH INFO,"As authorized by OFAC's specific license, in the period ended December 31, 2024, Caterpillar paid approximately $608 to IPC as part of its intellectual property protection efforts in Iran.",evidence_mismatch
sec_CAT_1072,NOT ENOUGH INFO,REFUTES,The five-year facility of $ 5.00 billion (of which $ 1.25 billion is available to MP&E) expires in August 2030.,evidence_mismatch
sec_CAT_1073,NOT ENOUGH INFO,SUPPORTS,"The increase was mainly due to the profit impact of higher sales volume of $972 million and favorable price realization of $592 million, partially offset by unfavorable manufacturing costs of $919 million.",evidence_mismatch
sec_CAT_1074,NOT ENOUGH INFO,NOT ENOUGH INFO,"Operating & Execution Model used to assess operational commitments and strategic growth initiatives - Capital expenditures were $2.794 billion during 2025, compared to $1.988 billion in 2024.",evidence_mismatch
sec_CAT_1075,NOT ENOUGH INFO,NOT ENOUGH INFO,"These consist of invoices received and recorded as liabilities as of December 31, 2025, but scheduled for payment in 2026 of $8.968 billion.",evidence_mismatch
sec_CAT_1076,NOT ENOUGH INFO,REFUTES,"Order Backlog The dollar amount of backlog believed to be firm was approximately $51.2 billion at December 31, 2025 and $30.0 billion at December 31, 2024.",evidence_mismatch
sec_CAT_1077,NOT ENOUGH INFO,NOT ENOUGH INFO,We expect machine dealer inventory to increase in 2026 and offset the $500 million decrease in 2025.,evidence_mismatch
sec_CAT_1078,NOT ENOUGH INFO,NOT ENOUGH INFO,"Amortization expense related to intangible assets was $ 169 million, $ 176 million and $ 218 million for 2025, 2024 and 2023, respectively.",evidence_mismatch
sec_CAT_1079,NOT ENOUGH INFO,NOT ENOUGH INFO,Shareholder Recommendation of Board Nominees Information required by this Item is incorporated by reference from the 2026 Proxy Statement.,evidence_mismatch
sec_CAT_1080,NOT ENOUGH INFO,REFUTES,"Yes ☐ No ý As of June 30, 2025, there were 468,478,923 shares of common stock of the Registrant outstanding, and the aggregate market value of the voting stock held by non-affiliates of the Registrant (assuming only for purposes of this computation that directors and executive officers may be affiliates) was approximately $ 180.9 billion.",evidence_mismatch
sec_CAT_1081,NOT ENOUGH INFO,NOT ENOUGH INFO,"Adjusted Profit Per Share - Profit per share excluding restructuring income/costs, pension and OPEB mark-to-market gains/losses, and a discrete tax benefit for a tax law change related to currency translation in 2024.",evidence_mismatch
sec_CAT_1082,NOT ENOUGH INFO,NOT ENOUGH INFO,"We expect machine dealer inventory to increase in excess of $1.0 billion during the first quarter of 2026, aligning with the seasonal pattern, compared to roughly flat levels in the first quarter of 2025.",evidence_mismatch
sec_CAT_1083,NOT ENOUGH INFO,NOT ENOUGH INFO,Growth in Latin America is expected to continue in 2026 at a similar rate to 2025.,evidence_mismatch
sec_CAT_1084,NOT ENOUGH INFO,NOT ENOUGH INFO,"The effectiveness of the company's internal control over financial reporting as of December 31, 2025 has been audited by PricewaterhouseCoopers LLP, an independent registered public accounting firm.",evidence_mismatch
sec_CAT_1085,NOT ENOUGH INFO,NOT ENOUGH INFO,"Construction Industries' profit was $4.675 billion in 2025, a decrease of $1.490 billion, or 24 percent, compared with $6.165 billion in 2024.",evidence_mismatch
sec_CAT_1086,NOT ENOUGH INFO,SUPPORTS,"For awards granted beginning in 2016, the vested options have a life equal to ten years from the original grant date.",evidence_mismatch
sec_CAT_1087,NOT ENOUGH INFO,NOT ENOUGH INFO,The change in revenue during 2024 related to prior periods sales was inconsequential.,evidence_mismatch
sec_CAT_1088,NOT ENOUGH INFO,SUPPORTS,"If the FIFO (first-in, first-out) method had been in use, inventories would have been $ 4,305 million and $ 3,864 million higher than reported at December 31, 2025 and 2024, respectively.",evidence_mismatch
sec_CAT_1089,NOT ENOUGH INFO,NOT ENOUGH INFO,"In the United States, we employed approximately 51,600 full-time persons, most of whom are at-will employees and, therefore, not subject to any type of employment contract or agreement.",evidence_mismatch
sec_CAT_1090,NOT ENOUGH INFO,REFUTES,"The unused commitments to extend credit to customers and dealers that are not unconditionally cancellable were $ 901 million and $ 291 million at December 31, 2025, respectively.",evidence_mismatch
sec_CAT_1091,NOT ENOUGH INFO,NOT ENOUGH INFO,"These obligations total $2.399 billion, with $695 million due in the next 12 months.",evidence_mismatch
sec_CAT_1092,NOT ENOUGH INFO,NOT ENOUGH INFO,"Restructuring costs for 2025, 2024 and 2023 were as follows: The restructuring costs in 2025 were related to restructuring actions across the company including write-downs in the value of inventory in the Rail division.",evidence_mismatch
sec_CAT_1093,NOT ENOUGH INFO,NOT ENOUGH INFO,"Based on management's allocation decision, which can be revised from time to time, the portion of the Credit Facility available to MP&E as of December 31, 2025 was $ 2.88 billion.",evidence_mismatch
sec_CAT_1094,NOT ENOUGH INFO,NOT ENOUGH INFO,"Total dealer inventory increased about $900 million during 2025, compared to an increase of about $400 million during 2024.",evidence_mismatch
sec_CAT_1095,NOT ENOUGH INFO,NOT ENOUGH INFO,The preceding maturity table reflects the reclassification of $ 1.75 billion from maturities in 2026 to $ 1.25 billion in 2028 and $ 500 million in 2031.,evidence_mismatch
sec_CAT_1096,NOT ENOUGH INFO,NOT ENOUGH INFO,"Construction Industries' profit as a percent of total sales was 18.7 percent in 2025, compared with 24.2 percent in 2024.",evidence_mismatch
sec_CAT_1097,NOT ENOUGH INFO,REFUTES,"As of December 31, 2025, the 2022 Authorization was fully utilized and $14.937 billion remained under the 2024 Authorization.",evidence_mismatch
sec_CAT_1098,NOT ENOUGH INFO,NOT ENOUGH INFO,"We expect that prior restructuring actions will result in an incremental benefit to operating costs, primarily Costs of goods sold and SG&A expenses, of about $40 million in 2026 compared with 2025.",evidence_mismatch
sec_CAT_1099,NOT ENOUGH INFO,NOT ENOUGH INFO,"Net cash used for investing activities was $3.870 billion in 2025, compared with $2.787 billion used in 2024.",evidence_mismatch
sec_CAT_1100,NOT ENOUGH INFO,REFUTES,"As of March 31, 2025, the 2022 Authorization was fully utilized and as of December 31, 2025, approximately $ 14.9 billion remained available under the 2024 Authorizations.",evidence_mismatch
sec_CAT_1101,NOT ENOUGH INFO,REFUTES,"In May 2022, the Board approved a new share repurchase authorization (the 2022 Authorization) of up to $ 15.0 billion of Caterpillar common stock effective August 1, 2022, with no expiration.",evidence_mismatch
sec_CAT_1102,NOT ENOUGH INFO,NOT ENOUGH INFO,"In 2026, dealer rental fleet loading and dealer's rental revenue are both projected to increase, compared to 2025.",evidence_mismatch
sec_CAT_1103,NOT ENOUGH INFO,NOT ENOUGH INFO,The five-year facility of $5.000 billion (of which $1.250 billion is available to MP&E) expires in August 2030.,evidence_mismatch
sec_CAT_1104,NOT ENOUGH INFO,NOT ENOUGH INFO,"Financial Products' segment profit was $966 million in 2025, an increase of $34 million, or 4 percent, compared with $932 million in 2024.",evidence_mismatch
sec_CAT_1105,NOT ENOUGH INFO,NOT ENOUGH INFO,Demand for products in Industrial applications is expected to grow moderately in 2026 as we see continued recovery from previous lows.,evidence_mismatch
sec_CAT_1106,NOT ENOUGH INFO,NOT ENOUGH INFO,"Medium-term notes due after one year have a weighted average interest rate of 3.8 % with remaining maturities up to 5 years at December 31, 2025.",evidence_mismatch
sec_CAT_1107,NOT ENOUGH INFO,NOT ENOUGH INFO,This expected decrease is primarily due to lower interest cost in 2026 as a result of lower discount rates at the end of 2025.,evidence_mismatch
sec_CAT_1108,NOT ENOUGH INFO,SUPPORTS,"During 2024, activity was settlements of $ 59 million and unrealized losses of $ 15 million.",evidence_mismatch
sec_CAT_1109,NOT ENOUGH INFO,NOT ENOUGH INFO,The increase from 2024 was primarily due to changes in U.S. tax incentives.,evidence_mismatch
sec_CAT_1110,NOT ENOUGH INFO,NOT ENOUGH INFO,"An analysis of the December 31, 2025 balance sheet, using these assumptions, estimates the impact of a 100 basis point immediate and sustained adverse change in interest rates to have a minimal impact on 2026 pre-tax earnings.",evidence_mismatch
sec_GS_1111,NOT ENOUGH INFO,NOT ENOUGH INFO,"On July 8, 2025, the plaintiffs filed a third amended complaint.",evidence_mismatch
sec_GS_1112,NOT ENOUGH INFO,SUPPORTS,The carrying value of time deposits not accounted for at fair value approximated fair value as of both December 2025 and December 2024.,evidence_mismatch
sec_GS_1113,NOT ENOUGH INFO,NOT ENOUGH INFO,"As of February 6, 2026, there were 296,752,922 shares of the registrant's common stock outstanding.",evidence_mismatch
sec_GS_1114,NOT ENOUGH INFO,NOT ENOUGH INFO,"In 2024, FCA rules on sustainability requirements and investment labels became effective.",evidence_mismatch
sec_GS_1115,NOT ENOUGH INFO,NOT ENOUGH INFO,"The firm's contribution to these plans was $ 405 million for 2025, $ 382 million for 2024 and $ 377 million for 2023.",evidence_mismatch
sec_GS_1116,NOT ENOUGH INFO,NOT ENOUGH INFO,"Americas pre-tax earnings for 2023 were impacted by impairments related to commercial real estate in CIEs, the write-down related to GreenSky, an impairment of goodwill related to Platform Solutions and the FDIC special assessment fee.",evidence_mismatch
sec_GS_1117,NOT ENOUGH INFO,NOT ENOUGH INFO,"THE GOLDMAN SACHS GROUP, INC. AND SUBSIDIARIES Management's Discussion and Analysis Segment Assets and Operating Results Beginning with the fourth quarter of 2025, we made certain changes to our segments as we continued to narrow our strategic focus with respect to consumer-related activities within Platform Solutions.",evidence_mismatch
sec_GS_1118,NOT ENOUGH INFO,NOT ENOUGH INFO,The accrued liability for interest expense related to income tax matters and income tax penalties was $ 669 million as of December 2025 and $ 475 million as of December 2024.,evidence_mismatch
sec_GS_1119,NOT ENOUGH INFO,NOT ENOUGH INFO,"Carried Interest The firm shares a portion of its carried interest related to investment management services with approximately 1,000 employees, including with the firm's executive officers.",evidence_mismatch
sec_GS_1120,NOT ENOUGH INFO,REFUTES,The net carrying value of this credit card loan portfolio at the time of the sale was $ 1.54 billion.,evidence_mismatch
sec_GS_1121,NOT ENOUGH INFO,NOT ENOUGH INFO,The leverage ratio as of December 2024 excluded 2024 profits.,evidence_mismatch
sec_GS_1122,NOT ENOUGH INFO,NOT ENOUGH INFO,"In 2024, the U.S. federal bank regulatory agencies proposed amendments to their respective BSA program rules to align those rules with the FinCEN proposal.",evidence_mismatch
sec_GS_1123,NOT ENOUGH INFO,NOT ENOUGH INFO,"For GS Bank USA, the capital conservation buffer requirements consist of a 2.5% buffer and the countercyclical capital buffer.",evidence_mismatch
sec_GS_1124,NOT ENOUGH INFO,NOT ENOUGH INFO,"The net unrealized losses on level 3 derivatives for 2025 reflected losses on certain equity derivatives (principally due to an increase in equity prices), partially offset by gains on certain interest rate derivatives (principally due to a decrease in interest rates).",evidence_mismatch
sec_GS_1125,NOT ENOUGH INFO,NOT ENOUGH INFO,"Based on financial data for 2025, we are in the 4.0% G-SIB surcharge threshold range.",evidence_mismatch
sec_GS_1126,NOT ENOUGH INFO,REFUTES,"These include, but are not limited to, the GLB Act, the California Consumer Privacy Act of 2018, as amended by the California Privacy Rights Act of 2020 (CCPA), the E.U.",evidence_mismatch
sec_GS_1127,NOT ENOUGH INFO,NOT ENOUGH INFO,"THE GOLDMAN SACHS GROUP, INC. AND SUBSIDIARIES Notes to Consolidated Financial Statements Level 3 Rollforward Commentary for the Year Ended December 2025.",evidence_mismatch
sec_GS_1128,NOT ENOUGH INFO,SUPPORTS,"The forecasted economic scenarios consider a number of risk factors relevant to the wholesale portfolio and, prior to December 2025, also considered risk factors relevant to the consumer portfolio, as described below.",evidence_mismatch
sec_GS_1129,NOT ENOUGH INFO,NOT ENOUGH INFO,"On September 1, 2023, the plaintiffs filed an amended consolidated complaint, and on March 5, 2024, the court granted the defendants' motion to dismiss the amended consolidated complaint with prejudice.",evidence_mismatch
sec_GS_1130,NOT ENOUGH INFO,NOT ENOUGH INFO,"U.K. banks that have over £35 billion of core retail deposits are required to separate their retail banking services from their investment and international banking activities, commonly known as ""ring-fencing.""",evidence_mismatch
sec_GS_1131,NOT ENOUGH INFO,REFUTES,The table below presents information about third-party commitments raised in our alternatives business from the beginning of 2020 through 2025.,evidence_mismatch
sec_GS_1132,NOT ENOUGH INFO,REFUTES,"The safe harbor deems certain Pillar II minimum taxes to be zero for tax years beginning on or after January 1, 2026.",evidence_mismatch
sec_GS_1133,NOT ENOUGH INFO,NOT ENOUGH INFO,"The firm's internal control over financial reporting as of December 31, 2025 has been audited by PricewaterhouseCoopers LLP (PCAOB ID 238 ), an independent registered public accounting firm, as stated in its report appearing below, which expresses an unqualified opinion on the effectiveness of the firm's internal control over financial reporting as of December 31, 2025.",evidence_mismatch
sec_GS_1134,NOT ENOUGH INFO,NOT ENOUGH INFO,"As of December 2025, over 1,500 employees were certified through that program across the firm.",evidence_mismatch
sec_GS_1135,NOT ENOUGH INFO,REFUTES,"As a result, absent further action from the FRB, our current SCB will remain effective through September 30, 2027.",evidence_mismatch
sec_GS_1136,NOT ENOUGH INFO,SUPPORTS,"The expanded disclosure requirements are expected to take effect for the year ended 2026, and the due diligence requirements are scheduled to take effect in 2029.",evidence_mismatch
sec_GS_1137,NOT ENOUGH INFO,NOT ENOUGH INFO,"There have been a number of widely publicized cases of outages in connection with access to cloud computing providers, such as an incident in October 2025 that affected many businesses worldwide, including us.",evidence_mismatch
sec_GS_1138,NOT ENOUGH INFO,REFUTES,"The graph and table above assume $100 was invested on December 31, 2020 in each of the firm's common stock, the S&P 500 and the S&P 500 Financials, and the dividends were reinvested without payment of any commissions.",evidence_mismatch
sec_GS_1139,NOT ENOUGH INFO,NOT ENOUGH INFO,The carrying value of installment loans was $ 22 million as of December 2025 and $ 70 million as of December 2024.,evidence_mismatch
sec_GS_1140,NOT ENOUGH INFO,REFUTES,Provision for credit losses on such securities was not material during either 2025 or 2024.,evidence_mismatch
sec_GS_1141,NOT ENOUGH INFO,NOT ENOUGH INFO,"As of December 2025, our counterparties could have called for additional collateral or termination payments related to our net derivative liabilities under bilateral agreements in an aggregate amount of $224 million in the event of a one-notch downgrade of our credit ratings and $1.80 billion in the event of a two-notch downgrade of our credit ratings.",evidence_mismatch
sec_GS_1142,NOT ENOUGH INFO,NOT ENOUGH INFO,"AI Act apply from February 2025, with other provisions applying between August 2025 and August 2027.",evidence_mismatch
sec_GS_1143,NOT ENOUGH INFO,NOT ENOUGH INFO,"The firm is also cooperating with and providing information to various governmental bodies in connection with their investigations and inquiries regarding SVBFG and its affiliates (collectively SVB), including the firm's business with SVB in or around March 2023, when SVB engaged the firm to assist with a proposed capital raise and SVB sold the firm a portfolio of securities.",evidence_mismatch
sec_GS_1144,NOT ENOUGH INFO,NOT ENOUGH INFO,Unsecured long-term borrowings included $ 112.68 billion as of December 2025 and $ 89.19 billion as of December 2024 of borrowings accounted for at fair value under the fair value option.,evidence_mismatch
sec_GS_1145,NOT ENOUGH INFO,NOT ENOUGH INFO,"In 2026, we announced a target to grow our total alternative AUS to $750 billion by the end of 2030.",evidence_mismatch
sec_GS_1146,NOT ENOUGH INFO,SUPPORTS,"Our total repurchase agreements, accounted for as collateralized financings, as of December 2024 were 5% higher than the average daily amount of repurchase agreements during the quarter and 9% higher than the average daily amount of repurchase agreements during the year.",evidence_mismatch
sec_GS_1147,NOT ENOUGH INFO,REFUTES,"We have raised $438 billion of third-party commitments in our alternatives business since 2019, and expect to raise between $75 billion and $100 billion annually, subject to market conditions.",evidence_mismatch
sec_GS_1148,NOT ENOUGH INFO,SUPPORTS,"In Asia, Australia and New Zealand, we have offices consisting of approximately 3.0 million square feet, including our offices in India, and regional headquarters in Tokyo and Hong Kong.",evidence_mismatch
sec_GS_1149,NOT ENOUGH INFO,NOT ENOUGH INFO,"As of both December 2025 and December 2024, the carrying values of the firm's variable interests in nonconsolidated VIEs are included in the consolidated balance sheets as follows: Mortgage-backed: Assets primarily included in trading assets and loans.",evidence_mismatch
sec_GS_1150,NOT ENOUGH INFO,NOT ENOUGH INFO,"As of December 2025, the firm has recorded deferred tax assets of $ 43 million in connection with general business credit carryforwards and a related valuation allowance of $ 5 million related to these general business credit carryforwards.",evidence_mismatch
sec_GS_1151,NOT ENOUGH INFO,SUPPORTS,The estimated fair value of such unsecured long-term borrowings was $ 177.67 billion as of December 2025 and $ 156.31 billion as of December 2024.,evidence_mismatch
sec_GS_1152,NOT ENOUGH INFO,NOT ENOUGH INFO,"In January 2025, the firm issued 76,000 shares of Series Z 6.85 % Fixed-Rate Reset Non-Cumulative Preferred Stock (Series Z Preferred Stock).",evidence_mismatch
sec_JPM_1153,NOT ENOUGH INFO,NOT ENOUGH INFO,"As a result of additional SEC and CFTC capital and financial reporting requirements for security-based swap dealers and swap dealers, J.P. Morgan Securities is subject to alternative minimum net capital requirements and required to hold ""tentative net capital"" in excess of $5.0 billion.",evidence_mismatch
sec_JPM_1154,NOT ENOUGH INFO,NOT ENOUGH INFO,"Changes in level 3 recurring fair value measurements The following tables include a rollforward of the Consolidated balance sheets amounts (including changes in fair value) for financial instruments classified by the Firm within level 3 of the fair value hierarchy for the years ended December 31, 2025, 2024 and 2023.",evidence_mismatch
sec_JPM_1155,NOT ENOUGH INFO,NOT ENOUGH INFO,"As of December 31, 2025, the remaining maturities of interest-bearing time deposits were as follows: Notes to consolidated financial statements Note 18 - Leases Firm as lessee At December 31, 2025 JPMorganChase and its subsidiaries were obligated under a number of noncancellable leases, predominantly operating leases for premises and equipment used primarily for business purposes.",evidence_mismatch
sec_JPM_1156,NOT ENOUGH INFO,REFUTES,"NM refers to not meaningful, which reflects the amount of income taxes paid during the year that does not meet the 5% disaggregation threshold.",evidence_mismatch
sec_JPM_1157,NOT ENOUGH INFO,NOT ENOUGH INFO,"jpm-20251231 UNITED STATES SECURITIES AND EXCHANGE COMMISSION WASHINGTON, D.C. 20549 FORM 10-K Annual report pursuant to Section 13 or 15(d) of the Securities Exchange Act of 1934 JPMorgan Chase & Co .",evidence_mismatch
sec_JPM_1158,NOT ENOUGH INFO,NOT ENOUGH INFO,The Firm appealed a December 2016 decision by the European Commission against the Firm and other banks finding an infringement of European antitrust rules relating to EURIBOR.,evidence_mismatch
sec_JPM_1159,NOT ENOUGH INFO,NOT ENOUGH INFO,"The change in the Firm's sensitivities as of December 31, 2025 compared to December 31, 2024, was primarily driven by the net impact of Treasury and CIO actual and forecasted actions, including an increase in cash flow hedges of floating rate loans and in investment securities, both of which add duration.",evidence_mismatch
sec_JPM_1160,NOT ENOUGH INFO,NOT ENOUGH INFO,"To ensure timely repayment of the commercial paper, and to provide the conduits with funding to provide financing to customers in the event that the conduits do not obtain funding in the commercial paper market, each asset pool financed by the conduits has a minimum 100% deal-specific liquidity facility associated with it provided by JPMorgan Chase Bank, N.A.",evidence_mismatch
sec_JPM_1161,NOT ENOUGH INFO,SUPPORTS,"The year ended December 31, 2024 included benefit from the CECL capital transitions of $720 million.",evidence_mismatch
sec_JPM_1162,NOT ENOUGH INFO,NOT ENOUGH INFO,"The following table summarizes short-term and long-term funding, excluding deposits, as of December 31, 2025 and 2024, and average balances for the years ended December 31, 2025 and 2024.",evidence_mismatch
sec_JPM_1163,NOT ENOUGH INFO,NOT ENOUGH INFO,"The dividend rate for each quarterly dividend period commencing on August 1, 2023 was three-month term SOFR (plus a spread adjustment of 0.26% per annum) plus the spread of 3.30 %.",evidence_mismatch
sec_JPM_1164,NOT ENOUGH INFO,NOT ENOUGH INFO,"For the year ended December 31, 2025, the Firm reviewed current economic conditions, estimated market cost of equity, as well as actual business results and projections of business performance.",evidence_mismatch
sec_JPM_1165,NOT ENOUGH INFO,NOT ENOUGH INFO,"The following table presents certain components of other income: (a) Relates to the settlement of outstanding items with the FDIC in 2025, and adjustments to the estimated bargain purchase gain associated with the acquisition in 2024 and 2023.",evidence_mismatch
sec_JPM_1166,NOT ENOUGH INFO,NOT ENOUGH INFO,"The Firm had placed a $ 5 billion deposit with First Republic Bank on March 16, 2023, as part of $ 30 billion of deposits provided by a consortium of large U.S. banks.",evidence_mismatch
sec_JPM_1167,NOT ENOUGH INFO,REFUTES,"During the years ended December 31, 2025 and 2024, the Firm reclassified net pre-tax gains of $ 14 million and $ 89 million, respectively, to other income/expense.",evidence_mismatch
sec_JPM_1168,NOT ENOUGH INFO,NOT ENOUGH INFO,"Note 17 - Deposits As of December 31, 2025 and 2024, noninterest-bearing and interest-bearing deposits were as follows: (a) Includes structured notes classified as deposits for which the fair value option has been elected.",evidence_mismatch
sec_JPM_1169,NOT ENOUGH INFO,NOT ENOUGH INFO,"The table below outlines the key economic assumptions used to determine the fair value of the Firm's MSRs at December 31, 2025 and 2024, and outlines the sensitivities of those fair values to immediate adverse changes in those assumptions, as defined below.",evidence_mismatch
sec_JPM_1170,NOT ENOUGH INFO,NOT ENOUGH INFO,"The proposals would require the Federal Reserve to publish for public comment comprehensive documentation concerning the supervisory stress test models and annual stress test scenarios, including the scenarios for the upcoming 2026 stress test.",evidence_mismatch
sec_JPM_1171,NOT ENOUGH INFO,REFUTES,"New York, New York February 13, 2026 We have served as the Firm's auditor since 1965.",evidence_mismatch
sec_JPM_1172,NOT ENOUGH INFO,REFUTES,"As a result of the Firm's credit risk mitigation practices described below, the Firm did not hold any allowance for credit losses with respect to resale and securities borrowed arrangements as of December 31, 2025 and 2024. Credit risk mitigation practices Securities financing agreements expose the Firm primarily to credit and liquidity risk.",evidence_mismatch
sec_JPM_1173,NOT ENOUGH INFO,NOT ENOUGH INFO,"In the fourth quarter of 2025, the Firm recorded an allowance related to the Apple Card transaction, estimated based on certain forward-looking assumptions of the portfolio's risk characteristics and expected credit losses at the time of closing.",evidence_mismatch
sec_JPM_1174,NOT ENOUGH INFO,NOT ENOUGH INFO,"The new rules became effective in the EU beginning January 1, 2025, with market risk aspects expected to be delayed until January 1, 2027.",evidence_mismatch
sec_JPM_1175,NOT ENOUGH INFO,SUPPORTS,"Fair value hedge gains and losses The following tables present derivative instruments, by contract type, used in fair value hedge accounting relationships, as well as pre-tax gains/(losses) recorded on such derivatives and the related hedged items for the years ended December 31, 2025, 2024 and 2023, respectively.",evidence_mismatch
sec_JPM_1176,NOT ENOUGH INFO,NOT ENOUGH INFO,"Similarly, as of January 1, 2025, the Firm has phased out the other CECL capital transition provisions which impacted Tier 2 capital, adjusted average assets, total leverage exposure and RWA, as applicable.",evidence_mismatch
sec_JPM_1177,NOT ENOUGH INFO,NOT ENOUGH INFO,The Firm's non-U.S. subsidiary charged fees of the equivalent of approximately USD 850 from the time the account holder became employed by the applicable entity through the third quarter of 2025.,evidence_mismatch
sec_JPM_1178,NOT ENOUGH INFO,NOT ENOUGH INFO,"The following table presents the carrying value of equity securities without readily determinable fair values held as of December 31, 2025 and 2024, that are measured under the measurement alternative and the related adjustments recorded during the periods presented for those securities with observable price changes.",evidence_mismatch
sec_JPM_1179,NOT ENOUGH INFO,NOT ENOUGH INFO,"The Firm's average LCR for the three months ended December 31, 2025 decreased, compared with the three months ended December 31, 2024, primarily driven by repurchases of and dividends on common stock, predominantly offset by dividend payments from JPMorgan Chase Bank, N.A.",evidence_mismatch
sec_JPM_1180,NOT ENOUGH INFO,SUPPORTS,"These factors were partially offset by FDIC special assessment accrual releases of $763 million compared with an increase of $725 million in the prior year, as well as the absence of a $1.0 billion contribution of Visa shares to the JPMorgan Chase Foundation recorded in the second quarter of 2024.",evidence_mismatch
sec_JPM_1181,NOT ENOUGH INFO,NOT ENOUGH INFO,"Criticized exposure decreased by $714 million from $12.4 billion at December 31, 2024 to $11.7 billion at December 31, 2025, driven by net portfolio activity, predominantly offset by net downgrades.",evidence_mismatch
sec_JPM_1182,NOT ENOUGH INFO,SUPPORTS,"In September 2025, the Federal Reserve's Vice Chair for Supervision indicated that U.S. banking regulators may issue an updated proposal to amend the U.S. risk-based capital framework in early 2026, replacing the July 2023 proposal.",evidence_mismatch
sec_JPM_1183,NOT ENOUGH INFO,REFUTES,"Realized and unrealized gains/(losses) recorded on level 3 AFS securities were not material for the years ended December 31, 2025, 2024 and 2023.",evidence_mismatch
sec_JPM_1184,NOT ENOUGH INFO,SUPPORTS,"The capital conservation buffer incorporates a GSIB surcharge, a discretionary countercyclical capital buffer and a fixed capital conservation buffer of 2.5% for Advanced regulatory capital requirements, as well as a variable SCB requirement, floored at 2.5%, for Standardized regulatory capital requirements.",evidence_mismatch
sec_JPM_1185,NOT ENOUGH INFO,NOT ENOUGH INFO,"Management has completed an assessment of the effectiveness of the Firm's internal control over financial reporting as of December 31, 2025.",evidence_mismatch
sec_JPM_1186,NOT ENOUGH INFO,NOT ENOUGH INFO,"EPS: Earnings per share ERISA: Employee Retirement Income Security Act of 1974 ESG: Environmental, Social and Governance ETD ""Exchange-traded derivatives"": Derivative contracts that are executed on an exchange and settled via a central clearing house.",evidence_mismatch
sec_JPM_1187,NOT ENOUGH INFO,NOT ENOUGH INFO,"Real Estate Real Estate exposure was $224.9 billion as of December 31, 2025.",evidence_mismatch
sec_JPM_1188,NOT ENOUGH INFO,SUPPORTS,"Wholesale net charge-offs increased for the year ended December 31, 2025 compared to the prior year, primarily due to increases in Commercial and industrial, including in Technology, Media & Telecommunications and Healthcare, as well as estimated losses related to borrower fraud in certain secured lending facilities.",evidence_mismatch
sec_JPM_1189,NOT ENOUGH INFO,NOT ENOUGH INFO,"On February 13, 2026, Visa Inc. (""Visa"") announced that its Board of Directors has authorized Visa to proceed with a successive exchange offer in respect of Visa's outstanding Class B common stock with timing, terms, and conditions as discussed in Visa's disclosure.",evidence_mismatch
sec_JPM_1190,NOT ENOUGH INFO,SUPPORTS,"For the year ended December 31, 2023, New York City and California made up greater than 50% of the effect of the U.S. state and local income taxes category.",evidence_mismatch
sec_JPM_1191,NOT ENOUGH INFO,NOT ENOUGH INFO,The countercyclical buffer is currently set to 0 % by the federal banking agencies.,evidence_mismatch
sec_JPM_1192,NOT ENOUGH INFO,NOT ENOUGH INFO,"Through June 30, 2025, the Firm was authorized to purchase up to $30 billion of common shares under its previously-approved common share repurchase program that was announced on June 28, 2024.",evidence_mismatch
sec_JPM_1193,NOT ENOUGH INFO,NOT ENOUGH INFO,"In December 2023, the European General Court annulled the fine imposed by the European Commission, but exercised its discretion to re-impose a fine in an identical amount.",evidence_mismatch
sec_JPM_1194,NOT ENOUGH INFO,REFUTES,The number of PSUs that vest can range from zero to 150 % of the grant amount.,evidence_mismatch
sec_KO_1195,NOT ENOUGH INFO,SUPPORTS,"Bottling Investments' operating income for the years ended December 31, 2025 and 2024 was $426 million and $496 million, respectively.",evidence_mismatch
sec_KO_1196,NOT ENOUGH INFO,SUPPORTS,"Our target allocation is a mix of 32 % equity securities, 37 % fixed-income securities and 31 % alternative investments.",evidence_mismatch
sec_KO_1197,NOT ENOUGH INFO,REFUTES,Our target allocation of 32 % equity securities is primarily composed of public equities.,evidence_mismatch
sec_KO_1198,NOT ENOUGH INFO,SUPPORTS,"Geographic and Customer Data The following table provides information related to our net operating revenues (in millions): For the year ended December 31, 2025, one bottler accounted for 10 % of our net operating revenues, which are reflected in our EMEA and Asia Pacific operating segments.",evidence_mismatch
sec_KO_1199,NOT ENOUGH INFO,SUPPORTS,"In January, February and December 2024, as well as May 2025, the Company refranchised our bottling operations in certain territories in India, and in February 2024, the Company refranchised our bottling operations in Bangladesh and the Philippines.",evidence_mismatch
sec_KO_1200,NOT ENOUGH INFO,NOT ENOUGH INFO,We estimate that a 1 percentage point increase in interest rates would have resulted in a $39 million decrease in the fair value of our portfolio of highly liquid debt securities.,evidence_mismatch
sec_KO_1201,NOT ENOUGH INFO,NOT ENOUGH INFO,"As of December 31, 2025, approximately 400 employees in North America were covered by collective bargaining agreements.",evidence_mismatch
sec_KO_1202,NOT ENOUGH INFO,SUPPORTS,"Of these amounts, expense of $ 77 million, $ 87 million and $ 48 million was recognized in 2025, 2024 and 2023, respectively.",evidence_mismatch
sec_KO_1203,NOT ENOUGH INFO,NOT ENOUGH INFO,"The U.S. qualified pension plan made $ 259 million of lump sum payments in 2023, causing a plan settlement, which resulted in recognition of a $ 76 million settlement loss related to the acceleration of existing unrecognized losses.",evidence_mismatch
sec_KO_1204,NOT ENOUGH INFO,NOT ENOUGH INFO,U.S. tax authorities have completed their federal income tax examinations for all years prior to 2007.,evidence_mismatch
sec_KO_1205,NOT ENOUGH INFO,SUPPORTS,"The Company recorded $ 123 million of unfunded commitments related to these investments in the line item accounts payable and accrued expenses in our consolidated balance sheet as of December 31, 2024.",evidence_mismatch
sec_KO_1206,NOT ENOUGH INFO,NOT ENOUGH INFO,"In Latin America, unit case volume was even, which included 1% growth in both water, sports, coffee and tea, and juice, value-added dairy and plant-based beverages as well as growth in energy drinks, offset by a 1% decline in Trademark Coca-Cola and a 2% decline in sparkling flavors.",evidence_mismatch
sec_KO_1207,NOT ENOUGH INFO,REFUTES,"The September 17, 2015 Notice from the IRS retroactively rejected the previously agreed-upon methodology for the 2007 through 2009 tax years in favor of an entirely different methodology, without prior notice to the Company.",evidence_mismatch
sec_KO_1208,NOT ENOUGH INFO,SUPPORTS,Price/mix had a 4% favorable impact on our consolidated net operating revenues.,evidence_mismatch
sec_KO_1209,NOT ENOUGH INFO,NOT ENOUGH INFO,"The total notional values of derivatives that were designated and qualified as fair value hedges of this type were $ 13,674 million and $ 12,628 million as of December 31, 2025 and 2024, respectively.",evidence_mismatch
sec_KO_1210,NOT ENOUGH INFO,NOT ENOUGH INFO,NOTE 15: INCOME TAXES Income before income taxes consisted of the following (in millions): 1 The Company reclassified income before income taxes related to its Puerto Rico operations in 2024 and 2023 from United States to International to align with the jurisdictional disaggregation requirements of ASU 2023‑09.,evidence_mismatch
sec_KO_1211,NOT ENOUGH INFO,REFUTES,"In 2025, we generated $28.8 billion of our net operating revenues from operations outside the United States.",evidence_mismatch
sec_KO_1212,NOT ENOUGH INFO,NOT ENOUGH INFO,"The activity during 2025 and 2024 included $ 306 million and $ 226 million, respectively, of investments in alternative energy limited partnerships.",evidence_mismatch
sec_KO_1213,NOT ENOUGH INFO,NOT ENOUGH INFO,"The costs of factoring such receivables were $60 million and $114 million for the years ended December 31, 2025 and 2024, respectively.",evidence_mismatch
sec_KO_1214,NOT ENOUGH INFO,NOT ENOUGH INFO,"The IRS designated the Company's matter for litigation on October 15, 2015.",evidence_mismatch
sec_KO_1215,NOT ENOUGH INFO,NOT ENOUGH INFO,"These operations were sold in July 2025, resulting in an additional loss of $ 8 million.",evidence_mismatch
sec_KO_1216,NOT ENOUGH INFO,SUPPORTS,"Advertising costs included in the line item selling, general and administrative expenses in our consolidated statements of income were $ 5.4 billion, $ 5.1 billion and $ 5.0 billion in 2025, 2024 and 2023, respectively.",evidence_mismatch
sec_KO_1217,NOT ENOUGH INFO,NOT ENOUGH INFO,Trademark Coca-Cola accounted for 47% of our worldwide unit case volume in both 2025 and 2024.,evidence_mismatch
sec_KO_1218,NOT ENOUGH INFO,SUPPORTS,The Company expects to fulfill $ 32 million of unfunded commitments related to these investments in the first quarter of 2026.,evidence_mismatch
sec_KO_1219,NOT ENOUGH INFO,NOT ENOUGH INFO,2 The decrease in accounts payable and accrued expenses in 2025 was primarily due to the payment of the contingent consideration liability in conjunction with our acquisition of fairlife in 2020.,evidence_mismatch
sec_KO_1220,NOT ENOUGH INFO,NOT ENOUGH INFO,"The total notional values of our commodity derivatives were $535 million and $386 million as of December 31, 2025 and 2024, respectively.",evidence_mismatch
sec_KO_1221,NOT ENOUGH INFO,SUPPORTS,The Georgia case remains subject to the stay agreed to in 2004.,evidence_mismatch
sec_KO_1222,NOT ENOUGH INFO,NOT ENOUGH INFO,The gain/loss corridor is equal to 10 % of the greater of the benefit obligation and the market-related value of assets.,evidence_mismatch
sec_KO_1223,NOT ENOUGH INFO,NOT ENOUGH INFO,"The following table reconciles the income tax provision with the amount calculated using the 21.0% U.S. federal statutory rate applied to pretax income, reflecting the adoption of ASU 2023-09 (amounts in millions): 1 State taxes in California, Florida and Minnesota comprised greater than 50% of the tax effect in this category.",evidence_mismatch
sec_KO_1224,NOT ENOUGH INFO,NOT ENOUGH INFO,"As of December 31, 2025 and 2024, we had $ 1,495 million and $ 1,139 million, respectively, in outstanding commercial paper borrowings.",evidence_mismatch
sec_KO_1225,NOT ENOUGH INFO,SUPPORTS,"The total notional value of derivatives that were designated as cash flow hedges for the Company's foreign currency denominated assets and liabilities was $ 557 million as of both December 31, 2025 and December 31, 2024.",evidence_mismatch
sec_KO_1226,NOT ENOUGH INFO,NOT ENOUGH INFO,"NOTE 19: RESTRUCTURING Productivity and Reinvestment Program In February 2012, the Company announced a productivity and reinvestment program designed to strengthen our brands and reinvest our resources to drive long-term profitable growth.",evidence_mismatch
sec_KO_1227,NOT ENOUGH INFO,NOT ENOUGH INFO,"Our Company's investments, plus any loans and guarantees, related to these VIEs totaled $ 89 million and $ 87 million as of December 31, 2025 and 2024, respectively, representing our maximum exposures to loss.",evidence_mismatch
sec_KO_1228,NOT ENOUGH INFO,SUPPORTS,"Due to the negative net foreign currency translation adjustments that will be reclassified to income upon sale, we were required to reduce the carrying amount of the assets held for sale, which resulted in an impairment charge of $ 1,274 million, which was recorded in the line item other income (loss) - net in our consolidated statement of income.",evidence_mismatch
sec_KO_1229,NOT ENOUGH INFO,SUPPORTS,"This program was expanded multiple times, with the last expansion occurring in April 2017.",evidence_mismatch
sec_KO_1230,NOT ENOUGH INFO,NOT ENOUGH INFO,Also includes a tax benefit of $ 88 million (or a 0.7 % impact on our effective tax rate) associated with the change in the Company's indefinite reinvestment assertion for our Philippines and Bangladesh bottling operations.,evidence_mismatch
sec_KO_1231,NOT ENOUGH INFO,NOT ENOUGH INFO,"Since 2007, the Company has issued common stock under its stock-based compensation plans from treasury shares.",evidence_mismatch
sec_KO_1232,NOT ENOUGH INFO,NOT ENOUGH INFO,28 The Company owned Aqua-Chem from 1970 to 1981.,evidence_mismatch
sec_KO_1233,NOT ENOUGH INFO,SUPPORTS,"Other Investing Activities During the years ended December 31, 2025 and 2024, the total cash inflow from other investing activities was $91 million and $194 million, respectively.",evidence_mismatch
sec_KO_1234,NOT ENOUGH INFO,SUPPORTS,"The weighted-average grant date fair value of performance share unit awards granted in 2025, 2024 and 2023 was $ 72.35 , $ 57.16 and $ 56.63 , respectively.",evidence_mismatch
sec_KO_1235,NOT ENOUGH INFO,NOT ENOUGH INFO,"In 2025, the Company changed its method for assessing the effectiveness of derivative financial instruments designated as net investment hedges to include only the changes in fair value attributable to changes in foreign currency spot rates.",evidence_mismatch
sec_KO_1236,NOT ENOUGH INFO,NOT ENOUGH INFO,"In June 2025, the Group of Seven (""G7"") released a statement announcing an understanding of a potential side-by-side system approach to the Pillar Two framework that would exclude U.S.-parented groups from certain Pillar Two provisions in recognition of existing U.S. minimum tax rules.",evidence_mismatch
sec_MSFT_1237,NOT ENOUGH INFO,NOT ENOUGH INFO,Gross margin increased $3.5 billion or 13% with growth across all businesses.,evidence_mismatch
sec_MSFT_1238,NOT ENOUGH INFO,SUPPORTS,"He served as Executive Vice President, Worldwide Commercial Business from July 2017 until that time.",evidence_mismatch
sec_MSFT_1239,NOT ENOUGH INFO,NOT ENOUGH INFO,"Microsoft 365 Consumer cloud revenue grew 11% driven by Microsoft 365 Consumer subscriber growth of 8% to 89.0 million, as well as growth in revenue per user from the price increase announced in January 2025.",evidence_mismatch
sec_MSFT_1240,NOT ENOUGH INFO,REFUTES,"The allocation of the purchase price to the assets acquired and liabilities assumed was completed as of September 30, 2024.",evidence_mismatch
sec_MSFT_1241,NOT ENOUGH INFO,SUPPORTS,"Share Repurchases During fiscal years 2025 and 2024, we repurchased 31 million shares and 32 million shares of our common stock for $13.0 billion and $12.0 billion, respectively, through our share repurchase program.",evidence_mismatch
sec_MSFT_1242,NOT ENOUGH INFO,NOT ENOUGH INFO,"Pursuant to the requirements of the Securities Exchange Act of 1934, this report has been signed below by the following persons on behalf of Registrant and in the capacities indicated on July 30, 2025.",evidence_mismatch
sec_MSFT_1243,NOT ENOUGH INFO,SUPPORTS,"DOCUMENTS INCORPORATED BY REFERENCE Portions of the definitive Proxy Statement to be delivered to shareholders in connection with the Annual Meeting of Shareholders to be held on December 5, 2025 are incorporated by reference into Part III.",evidence_mismatch
sec_MSFT_1244,NOT ENOUGH INFO,NOT ENOUGH INFO,"Fiscal Year 2025 Compared with Fiscal Year 2024 General and administrative expenses decreased $386 million or 5% driven by Gaming, including the impact of the Activision Blizzard acquisition.",evidence_mismatch
sec_MSFT_1245,NOT ENOUGH INFO,NOT ENOUGH INFO,"As of June 30, 2025, we had $ 816 million federal capital loss carryforwards for U.S. tax purposes.",evidence_mismatch
sec_MSFT_1246,NOT ENOUGH INFO,NOT ENOUGH INFO,41 PART II Item 7 Fiscal Year 2025 Compared with Fiscal Year 2024 Interest and dividends income decreased primarily due to lower portfolio balances.,evidence_mismatch
sec_MSFT_1247,NOT ENOUGH INFO,SUPPORTS,"71 PART II Item 8 The components of intangible assets acquired during the periods presented were as follows: Intangible assets amortization expense was $ 6.0 billion, $ 4.8 billion, and $ 2.5 billion for fiscal years 2025, 2024, and 2023, respectively.",evidence_mismatch
sec_MSFT_1248,NOT ENOUGH INFO,NOT ENOUGH INFO,"Operating expenses increased $3.8 billion or 6% driven by investments in cloud and AI engineering and Gaming, including the impact of the Activision Blizzard acquisition.",evidence_mismatch
sec_MSFT_1249,NOT ENOUGH INFO,NOT ENOUGH INFO,Mr. Althoff was appointed Executive Vice President and Chief Commercial Officer in July 2021.,evidence_mismatch
sec_MSFT_1250,NOT ENOUGH INFO,NOT ENOUGH INFO,"We are currently under IRS audit for prior tax years and have received Notices of Proposed Adjustment (""NOPAs"") from the IRS for the tax years 2004 to 2013.",evidence_mismatch
sec_MSFT_1251,NOT ENOUGH INFO,NOT ENOUGH INFO,"Dividends During fiscal years 2025 and 2024, our Board of Directors declared dividends totaling $24.7 billion and $22.3 billion, respectively.",evidence_mismatch
sec_MSFT_1252,NOT ENOUGH INFO,NOT ENOUGH INFO,Microsoft 365 Consumer products and cloud services revenue increased 11% driven by Microsoft 365 Consumer cloud revenue growth of 11%.,evidence_mismatch
sec_MSFT_1253,NOT ENOUGH INFO,SUPPORTS,"ERM is structured using a framework based on the Committee of Sponsoring Organization (""COSO"") guidance on Enterprise Risk Management Integrating Strategy with Performance and it also aligns with the International Organization for Standardization 31000:2018 Risk Management Standard.",evidence_mismatch
sec_MSFT_1254,NOT ENOUGH INFO,REFUTES,"All other shares repurchased were under the share repurchase program approved on September 14, 2021.",evidence_mismatch
sec_MSFT_1255,NOT ENOUGH INFO,NOT ENOUGH INFO,74 PART II Item 8 The decrease in our effective tax rate for fiscal year 2025 compared to fiscal year 2024 was due to changes in the mix of our earnings and tax expenses between the U.S. and foreign countries.,evidence_mismatch
sec_MSFT_1256,NOT ENOUGH INFO,NOT ENOUGH INFO,"Fiscal Year 2025 Compared with Fiscal Year 2024 Sales and marketing expenses increased $1.2 billion or 5% driven by investments in commercial sales and Gaming, including the impact of the Activision Blizzard acquisition.",evidence_mismatch
sec_MSFT_1257,NOT ENOUGH INFO,NOT ENOUGH INFO,"This section generally discusses the results of our operations for the year ended June 30, 2025 compared to the year ended June 30, 2024.",evidence_mismatch
sec_MSFT_1258,NOT ENOUGH INFO,SUPPORTS,UNRESOLVE D STAFF COMMENTS We have received no written comments regarding our periodic or current reports from the staff of the Securities and Exchange Commission that were issued 180 days or more preceding the end of our fiscal year 2025 that remain unresolved.,evidence_mismatch
sec_MSFT_1259,NOT ENOUGH INFO,NOT ENOUGH INFO,Dynamics 365 revenue grew 19% with growth across all workloads.,evidence_mismatch
sec_MSFT_1260,NOT ENOUGH INFO,NOT ENOUGH INFO,"Deloitte & Touche LLP has audited our internal control over financial reporting as of June 30, 2025; their report is included in Item 9A.",evidence_mismatch
sec_MSFT_1261,NOT ENOUGH INFO,REFUTES,"In fiscal year 2024, our U.S. income before income taxes was $62.9 billion and our foreign income before income taxes was $44.9 billion.",evidence_mismatch
sec_MSFT_1262,NOT ENOUGH INFO,SUPPORTS,"13 PART I Item 1 INFORMATION ABOUT OUR EXECUTIV E OFFICERS Our executive officers as of July 30, 2025 were as follows: Mr. Nadella was appointed Chairman of the Board in June 2021 and Chief Executive Officer in February 2014.",evidence_mismatch
sec_MSFT_1263,NOT ENOUGH INFO,REFUTES,"NOTE 15 - STOCKHOLDERS' EQUITY Shares Outstanding Shares of common stock outstanding were as follows: Share Repurchases On September 14, 2021, our Board of Directors approved a share repurchase program authorizing up to $ 60.0 billion in share repurchases.",evidence_mismatch
sec_MSFT_1264,NOT ENOUGH INFO,NOT ENOUGH INFO,More Personal Computing Revenue increased $3.8 billion or 7%.,evidence_mismatch
sec_MSFT_1265,NOT ENOUGH INFO,NOT ENOUGH INFO,"As of June 30, 2025 and 2024, equity investments without readily determinable fair values measured at cost with adjustments for observable changes in price or impairments were $ 2.9 billion and $ 3.9 billion, respectively.",evidence_mismatch
sec_MSFT_1266,NOT ENOUGH INFO,SUPPORTS,Mr. Smith was also named Chief Compliance Officer in 2002.,evidence_mismatch
sec_MSFT_1267,NOT ENOUGH INFO,SUPPORTS,"We have approximately 15 million square feet of space located in King County, Washington that is used for engineering, sales, marketing, and operations, among other general and administrative purposes.",evidence_mismatch
sec_MSFT_1268,NOT ENOUGH INFO,SUPPORTS,Prior period segment information has been recast to conform to the way we internally manage and monitor our business during fiscal year 2025.,evidence_mismatch
sec_MSFT_1269,NOT ENOUGH INFO,NOT ENOUGH INFO,"Equity and other investments were $15.4 billion and $14.6 billion as of June 30, 2025 and 2024, respectively.",evidence_mismatch
sec_MSFT_1270,NOT ENOUGH INFO,NOT ENOUGH INFO,"As of the date of the agreement with Inflection, Reprogrammed Interchange LLC (""Reprogrammed"") and entities affiliated with Greylock Ventures (""Greylock"") each held less than a 10 % equity interest in Inflection.",evidence_mismatch
sec_MSFT_1271,NOT ENOUGH INFO,NOT ENOUGH INFO,In January 2023 we announced the third phase of our OpenAI strategic partnership.,evidence_mismatch
sec_MSFT_1272,NOT ENOUGH INFO,NOT ENOUGH INFO,"Many countries have implemented or are in the process of implementing the Pillar Two legislation, which applies to Microsoft beginning in fiscal year 2025.",evidence_mismatch
sec_MSFT_1273,NOT ENOUGH INFO,NOT ENOUGH INFO,Gross margin increased $22.9 billion or 13% with growth across each of our segments.,evidence_mismatch
sec_MSFT_1274,NOT ENOUGH INFO,NOT ENOUGH INFO,"What We Offer Founded in 1975, we develop and support software, services, devices, and solutions that deliver new value for customers and help people and businesses realize their full potential.",evidence_mismatch
sec_MSFT_1275,NOT ENOUGH INFO,NOT ENOUGH INFO,Fluctuations in the U.S. dollar relative to certain foreign currencies did not have a material impact on reported revenue and expenses from our international operations in fiscal year 2025.,evidence_mismatch
sec_MSFT_1276,NOT ENOUGH INFO,NOT ENOUGH INFO,"For a discussion of the year ended June 30, 2024 compared to the year ended June 30, 2023, please refer to Part II, Item 7, ""Management's Discussion and Analysis of Financial Condition and Results of Operations"" in our Annual Report on Form 10-K for the year ended June 30, 2024 and our Form 8-K filed on December 3, 2024.",evidence_mismatch
sec_MSFT_1277,NOT ENOUGH INFO,SUPPORTS,"Ms. Hogan was appointed Executive Vice President, Office of Strategy and Transformation in March 2025.",evidence_mismatch
sec_MSFT_1278,NOT ENOUGH INFO,REFUTES,"NOTE 9 - INTANGIBLE ASSETS The components of intangible assets, all of which are finite-lived, were as follows: No material impairments of intangible assets were identified during fiscal years 2025, 2024, or 2023.",evidence_mismatch
sec_NVDA_1279,NOT ENOUGH INFO,REFUTES,"In June 2024, the Company filed the Amendment to effect the Stock Split and proportionately increased the number of shares of the Company's authorized common stock from 8.0 billion to 80.0 billion.",evidence_mismatch
sec_NVDA_1280,NOT ENOUGH INFO,NOT ENOUGH INFO,"The contents of our website are not a part of this Annual Report on Form 10-K. Insider Trading Policy The information required by Item 408(b) of Regulation S-K is incorporated by reference from the information contained in our 2026 Proxy Statement under the heading ""Information About the Board of Directors and Corporate Governance.""",evidence_mismatch
sec_NVDA_1281,NOT ENOUGH INFO,NOT ENOUGH INFO,"If an adverse 10% foreign exchange rate change was applied to our balance sheet hedging contracts, it would have resulted in an adverse impact on income before taxes of $124 million and $129 million as of January 25, 2026 and January 26, 2025, respectively.",evidence_mismatch
sec_NVDA_1282,NOT ENOUGH INFO,NOT ENOUGH INFO,Adjustments to the carrying value of our non-marketable equity securities during fiscal years 2026 and 2025 were as follows: (1) Represents reclassifications from non-marketable equity securities to marketable securities following public market trading.,evidence_mismatch
sec_NVDA_1283,NOT ENOUGH INFO,NOT ENOUGH INFO,"In fiscal year 2026, we launched and scaled the NVIDIA Blackwell Ultra platform, optimized for agentic, reasoning, and physical AI.",evidence_mismatch
sec_NVDA_1284,NOT ENOUGH INFO,NOT ENOUGH INFO,"The effectiveness of our internal control over financial reporting as of January 25, 2026 has been audited by PricewaterhouseCoopers LLP, an independent registered public accounting firm, as stated in its report which is included herein.",evidence_mismatch
sec_NVDA_1285,NOT ENOUGH INFO,NOT ENOUGH INFO,"In fiscal year 2026, we launched and scaled Blackwell architecture for gaming and GeForce NOW.",evidence_mismatch
sec_NVDA_1286,NOT ENOUGH INFO,NOT ENOUGH INFO,"From 1997 to 2010 Ms. Kress held a variety of positions at Microsoft, a software company, including, beginning in 2006, Chief Financial Officer of the Server and Tools division, where Ms. Kress was responsible for financial strategy, planning, reporting and business development for the division.",evidence_mismatch
sec_NVDA_1287,NOT ENOUGH INFO,SUPPORTS,"For example, the California Consumer Privacy Act of 2018, as amended by the California Privacy Rights Act of 2020, or CPRA, or collectively the CCPA, gives California residents the right to access, delete and opt-out of certain sharing of their personal information, and to receive detailed information about how it is used and shared.",evidence_mismatch
sec_NVDA_1288,NOT ENOUGH INFO,NOT ENOUGH INFO,"As of January 25, 2026, the significant tax jurisdictions that may be subject to examination include the United States for fiscal years after 2022, as well as Canada, China, Germany, Hong Kong, India, Israel, Italy, and Taiwan for fiscal years 2014 through 2025.",evidence_mismatch
sec_NVDA_1289,NOT ENOUGH INFO,REFUTES,"During fiscal year 2026, we withheld approximately 51 million shares for a total value of $7.9 billion through net share settlements.",evidence_mismatch
sec_NVDA_1290,NOT ENOUGH INFO,NOT ENOUGH INFO,"As of January 25, 2026 and January 26, 2025, we had a valuation allowance of $ 768 million and $ 1.6 billion, respectively, related to capital loss carryforwards, and certain other deferred tax assets that management determined are not likely to be realized due, in part, to jurisdictional projections of future taxable income, including capital gains.",evidence_mismatch
sec_NVDA_1291,NOT ENOUGH INFO,NOT ENOUGH INFO,"In fiscal year 2025, we announced the NVIDIA Blackwell GeForce RTX 50 Series family of desktop and laptop GPUs.",evidence_mismatch
sec_NVDA_1292,NOT ENOUGH INFO,NOT ENOUGH INFO,"The putative derivative lawsuit pending in the United States District Court for the Northern District of California, captioned 4:19-cv-00341-HSG, initially filed January 18, 2019 and titled In re NVIDIA Corporation Consolidated Derivative Litigation, was stayed pending resolution of the plaintiffs' appeal in the In Re NVIDIA Corporation Securities Litigation action.",evidence_mismatch
sec_NVDA_1293,NOT ENOUGH INFO,NOT ENOUGH INFO,"The change in Other income, net, compared to fiscal year 2025, was primarily driven by unrealized gains in non-marketable and publicly-held equity securities, including gains from our previously announced investment in Intel's common stock.",evidence_mismatch
sec_NVDA_1294,NOT ENOUGH INFO,NOT ENOUGH INFO,"Automotive revenue for fiscal year 2026 was up 39% from a year ago, driven by continued adoption of our self-driving platforms.",evidence_mismatch
sec_NVDA_1295,NOT ENOUGH INFO,NOT ENOUGH INFO,"Fair Value of Financial Instruments The carrying value of cash equivalents, accounts receivable, accounts payable and accrued liabilities approximate their fair values due to their relatively short maturities as of January 25, 2026 and January 26, 2025.",evidence_mismatch
sec_NVDA_1296,NOT ENOUGH INFO,NOT ENOUGH INFO,"As of the end of fiscal year 2026, we were effectively foreclosed from competing in China's data center computing/compute market, and our effective foreclosure from the China market helped our competitors build larger developer and customer ecosystems to challenge us worldwide.",evidence_mismatch
sec_NVDA_1297,NOT ENOUGH INFO,NOT ENOUGH INFO,"Note 13 - Income Taxes The FASB issued a new accounting standard which includes new and updated income tax disclosures, including disaggregation of information in the rate reconciliation and income taxes paid, which we adopted on a prospective basis for the year ending January 25, 2026.",evidence_mismatch
sec_NVDA_1298,NOT ENOUGH INFO,NOT ENOUGH INFO,We will adopt this standard in the fiscal year 2028 annual report.,evidence_mismatch
sec_NVDA_1299,NOT ENOUGH INFO,NOT ENOUGH INFO,"In May 2024, we announced a ten-for-one stock split, or the Stock Split, of our issued common stock, which was effected through the filing of an amendment to the Company's Restated Certificate of Incorporation, or the Amendment, with the Secretary of the State of Delaware.",evidence_mismatch
sec_NVDA_1300,NOT ENOUGH INFO,NOT ENOUGH INFO,"Our employees also help to surface top talent, with over 40 percent of our new hires in fiscal year 2026 coming from employee referrals.",evidence_mismatch
sec_NVDA_1301,NOT ENOUGH INFO,NOT ENOUGH INFO,"In fiscal years 2026, 2025, and 2024, we paid cash dividends to our shareholders of $ 974 million, $ 834 million, and $ 395 million, respectively.",evidence_mismatch
sec_NVDA_1302,NOT ENOUGH INFO,NOT ENOUGH INFO,"As of January 25, 2026, we intend to indefinitely reinvest approximately $ 1.4 billion of cumulative undistributed earnings held by certain subsidiaries.",evidence_mismatch
sec_NVDA_1303,NOT ENOUGH INFO,SUPPORTS,"Equity Compensation Plan Information Information regarding our equity compensation plans required by this item will be contained in our 2026 Proxy Statement under the caption ""Equity Compensation Plan Information,"" and is hereby incorporated by reference.",evidence_mismatch
sec_NVDA_1304,NOT ENOUGH INFO,NOT ENOUGH INFO,Results of Operations A discussion regarding our financial condition and results of operations for fiscal year 2026 compared to fiscal year 2025 is presented below.,evidence_mismatch
sec_NVDA_1305,NOT ENOUGH INFO,SUPPORTS,Gross margin decreased in fiscal year 2026 as our business model transitioned from offering Hopper HGX systems to Blackwell full-scale datacenter solutions.,evidence_mismatch
sec_NVDA_1306,NOT ENOUGH INFO,SUPPORTS,Debora Shoquist joined NVIDIA in 2007 as Senior Vice President of Operations and in 2009 became Executive Vice President of Operations.,evidence_mismatch
sec_NVDA_1307,NOT ENOUGH INFO,SUPPORTS,"Several states are considering enacting or have already enacted regulations concerning AI technologies, with new state laws that took effect on January 1, 2026, which may impact our ability to train, deploy, or release AI models, and increase our compliance costs.",evidence_mismatch
sec_NVDA_1308,NOT ENOUGH INFO,NOT ENOUGH INFO,"Provisions for inventory and excess inventory purchase obligations totaled $7.2 billion and $3.7 billion for fiscal years 2026 and 2025, respectively, including $4.5 billion associated with H20 excess inventory and purchase obligations for the first quarter of fiscal year 2026.",evidence_mismatch
sec_NVDA_1309,NOT ENOUGH INFO,REFUTES,"On March 2, 2021, the district court granted NVIDIA's motion to dismiss the complaint without leave to amend, entered judgment in favor of NVIDIA and closed the case.",evidence_mismatch
sec_NVDA_1310,NOT ENOUGH INFO,NOT ENOUGH INFO,"In April 2025, the USG informed us that a license is required for exports of our H20 product into the China market.",evidence_mismatch
sec_NVDA_1311,NOT ENOUGH INFO,NOT ENOUGH INFO,Approximately 42 % of revenue from contracts greater than one year in length will be recognized over the next twelve months .,evidence_mismatch
sec_NVDA_1312,NOT ENOUGH INFO,REFUTES,"On February 22, 2022, the court administratively closed the case, but stated that it would reopen the case once the appeal in the In Re NVIDIA Corporation Securities Litigation action is resolved.",evidence_mismatch
sec_NVDA_1313,NOT ENOUGH INFO,NOT ENOUGH INFO,"As of January 25, 2026, all foreign currency contracts mature within 18 months.",evidence_mismatch
sec_NVDA_1314,NOT ENOUGH INFO,NOT ENOUGH INFO,We expect supply constraints to be a headwind to Gaming in the first quarter of fiscal year 2027 and beyond.,evidence_mismatch
sec_NVDA_1315,NOT ENOUGH INFO,NOT ENOUGH INFO,"On June 17, 2024, the Supreme Court of the United States granted NVIDIA's petition for a writ of certiorari.",evidence_mismatch
sec_NVDA_1316,NOT ENOUGH INFO,NOT ENOUGH INFO,"Including GPUs and networking, NVIDIA powers over 78% of the supercomputers on the global TOP500 list, including 9 of the top 10 systems on the Green500 list.",evidence_mismatch
sec_NVDA_1317,NOT ENOUGH INFO,NOT ENOUGH INFO,"Headquartered in Santa Clara, California, NVIDIA was incorporated in California in April 1993 and reincorporated in Delaware in April 1998.",evidence_mismatch
sec_NVDA_1318,NOT ENOUGH INFO,NOT ENOUGH INFO,"Fiscal Year 2026 Summary Revenue for fiscal year 2026 was $215.9 billion, up 65% from a year ago.",evidence_mismatch
sec_NVDA_1319,NOT ENOUGH INFO,NOT ENOUGH INFO,"Recent Sales of Unregistered Securities and Use of Proceeds On December 15, 2025, we acquired a company and issued to a key employee a total of 174,676 shares of our common stock, valued at approximately $31 million based on our closing stock price on the issuance date.",evidence_mismatch
sec_NVDA_1320,NOT ENOUGH INFO,REFUTES,"During the fourth quarters of fiscal years 2026, 2025, and 2024, we completed our annual qualitative impairment tests and concluded that goodwill was no t impaired.",evidence_mismatch
sec_PFE_1321,NOT ENOUGH INFO,SUPPORTS,The December 2024 U.S. approval date reflects accelerated approval.,evidence_mismatch
sec_PFE_1322,NOT ENOUGH INFO,NOT ENOUGH INFO,The weighted average effective interest rate for the notes at issuance was 4.583 %.,evidence_mismatch
sec_PFE_1323,NOT ENOUGH INFO,NOT ENOUGH INFO,"Since 2016, we have recognized dividends from ViiV as income in Other (income)/deductions--net when earned, including dividends of $ 265 million in 2025, $ 272 million in 2024 and $ 265 million in 2023 (see Note 4 ).",evidence_mismatch
sec_PFE_1324,NOT ENOUGH INFO,NOT ENOUGH INFO,"For 2025, the data in this table conforms to the updated income tax disclosure guidance in accordance with ASU 2023-09.",evidence_mismatch
sec_PFE_1325,NOT ENOUGH INFO,NOT ENOUGH INFO,"In the first quarter of 2025, we sold the remaining portion of our investment in Haleon for $6.3 billion.",evidence_mismatch
sec_PFE_1326,NOT ENOUGH INFO,NOT ENOUGH INFO,"In 2024, we recorded a net increase in interest of $ 91 million.",evidence_mismatch
sec_PFE_1327,NOT ENOUGH INFO,SUPPORTS,"Seagen-- On December 14, 2023 (the acquisition date), we acquired Seagen, a global biotechnology company that discovers, develops and commercializes transformative cancer medicines, for $ 229 per share in cash.",evidence_mismatch
sec_PFE_1328,NOT ENOUGH INFO,NOT ENOUGH INFO,"For example, approximately $500 million of R&D savings achieved from our ongoing realigning our cost base program in 2025 is expected to be reinvested in R&D programs in 2026.",evidence_mismatch
sec_PFE_1329,NOT ENOUGH INFO,NOT ENOUGH INFO,"In 2025 and in 2024, tax assets for uncertain tax positions also include the filing of an amended income tax return relating to the Transition Tax liability under the TCJA.",evidence_mismatch
sec_PFE_1330,NOT ENOUGH INFO,NOT ENOUGH INFO,"Biopharma's earnings also include dividend income from our investment in ViiV of $ 265 million in 2025, $ 272 million in 2024 and $ 265 million in 2023.",evidence_mismatch
sec_PFE_1331,NOT ENOUGH INFO,NOT ENOUGH INFO,"Restructuring Charges and Other Costs Associated with Acquisitions and Cost-Reduction/Productivity Initiatives A. Realigning Our Cost Base Program In the fourth quarter of 2023, we announced that we launched a multi-year, enterprise-wide cost realignment program that aims to realign our costs with our longer-term revenue expectations.",evidence_mismatch
sec_PFE_1332,NOT ENOUGH INFO,NOT ENOUGH INFO,"In connection with this transaction, we recorded a $ 1.35 billion charge in the third quarter of 2025 in Acquired in-process research and development expenses and presented it as a cash outflow from operating activities.",evidence_mismatch
sec_PFE_1333,NOT ENOUGH INFO,REFUTES,"Essentially all lines of credit were unused as of December 31, 2025.",evidence_mismatch
sec_PFE_1334,NOT ENOUGH INFO,NOT ENOUGH INFO,"In our opinion, the consolidated financial statements present fairly, in all material respects, the financial position of the Company as of December 31, 2025 and 2024, and the results of its operations and its cash flows for each of the years in the three-year period ended December 31, 2025, in conformity with U.S. generally accepted accounting principles.",evidence_mismatch
sec_PFE_1335,NOT ENOUGH INFO,SUPPORTS,"In March 2025, the U.S. Patent Office issued a decision holding that the two Moderna patents were invalid.",evidence_mismatch
sec_PFE_1336,NOT ENOUGH INFO,NOT ENOUGH INFO,"On October 13, 2023, we announced an amended agreement with the U.S. government, which facilitated the transition of Paxlovid to traditional commercial markets in the U.S.",evidence_mismatch
sec_PFE_1337,NOT ENOUGH INFO,NOT ENOUGH INFO,"In the EU, the EMA's referral procedure concluded in October 2025, with the EMA adopting a negative opinion on benefit-risk for Oxbryta for the treatment of hemolytic anemia due to SCD, recommending that the marketing authorization for the product remain suspended.",evidence_mismatch
sec_PFE_1338,NOT ENOUGH INFO,NOT ENOUGH INFO,"The estimated fair value of such debt, using a market approach and Level 2 inputs, was $ 60 billion as of December 31, 2025 and $ 54 billion as of December 31, 2024.",evidence_mismatch
sec_PFE_1339,NOT ENOUGH INFO,NOT ENOUGH INFO,"The deferred revenues related to Paxlovid and Comirnaty totaled $ 2.2 billion as of December 31, 2024, with $ 1.4 billion and $ 785 million recorded in current liabilities and noncurrent liabilities, respectively.",evidence_mismatch
sec_PFE_1340,NOT ENOUGH INFO,NOT ENOUGH INFO,"In February 2020, the federal actions were transferred for coordinated pre-trial proceedings to an MDL in the U.S. District Court for the Southern District of Florida (the Federal MDL Court).",evidence_mismatch
sec_PFE_1341,NOT ENOUGH INFO,NOT ENOUGH INFO,"In addition, $ 129 million in post-closing compensation expense for Metsera employee incentive awards was recorded in Restructuring charges and certain acquisition-related costs .",evidence_mismatch
sec_PFE_1342,NOT ENOUGH INFO,NOT ENOUGH INFO,The ABO for our international pension plans was $ 6.8 billion in 2025 and $ 7.1 billion in 2024.,evidence_mismatch
sec_PFE_1343,NOT ENOUGH INFO,NOT ENOUGH INFO,"Each holds the office or offices indicated until his or her successor is chosen and qualified at the regular meeting of the BOD to be held on the date of the 2026 Annual Meeting of Shareholders, or until his or her earlier death, resignation or removal.",evidence_mismatch
sec_PFE_1344,NOT ENOUGH INFO,REFUTES,"In December 2025, we redeemed $ 3 billion of the 4.45 % PIE senior unsecured notes due in May 2026.",evidence_mismatch
sec_PFE_1345,NOT ENOUGH INFO,NOT ENOUGH INFO,"As of December 31, 2025, we had access to a $ 7.0 billion committed U.S. revolving credit facility maturing in October 2030, which may be used for general corporate purposes including to support our global commercial paper borrowings.",evidence_mismatch
sec_PFE_1346,NOT ENOUGH INFO,NOT ENOUGH INFO,We ensured commercial readiness by providing NDA-labeled commercial supply by the end of 2023.,evidence_mismatch
sec_PFE_1347,NOT ENOUGH INFO,NOT ENOUGH INFO,"The total net cost savings are composed of net cost savings of $5.1 billion achieved through 2025, and the remaining anticipated savings of $600 million, primarily in SI&A, expected to be achieved by the end of 2026.",evidence_mismatch
sec_PFE_1348,NOT ENOUGH INFO,NOT ENOUGH INFO,"As of December 31, 2025, we had $ 2.2 billion and as of December 31, 2024, we had $ 2.0 billion in net unrecognized tax benefits, excluding associated interest.",evidence_mismatch
sec_PFE_1349,NOT ENOUGH INFO,NOT ENOUGH INFO,"In connection with this agreement, we recorded a non-cash revenue reversal of $ 3.5 billion in the fourth quarter of 2023, of which a portion was associated with sales recorded in 2022, related to the expected return of an estimated 6.5 million treatment courses of EUA-labeled U.S. government inventory.",evidence_mismatch
sec_PFE_1350,NOT ENOUGH INFO,NOT ENOUGH INFO,"In April 2021, a Judicial Council Coordinated Proceeding was created in the Superior Court of California in Alameda County to coordinate personal injury actions against Pfizer and other defendants filed in California state court.",evidence_mismatch
sec_PFE_1351,NOT ENOUGH INFO,NOT ENOUGH INFO,"In May 2023, we and BioNTech amended our contract with the EC to deliver COVID-19 vaccines to the EU.",evidence_mismatch
sec_PFE_1352,NOT ENOUGH INFO,REFUTES,"The Company was incorporated under the laws of the State of Delaware on June 2, 1942.",evidence_mismatch
sec_PFE_1353,NOT ENOUGH INFO,NOT ENOUGH INFO,"As of December 31, 2025, the aggregate fair value of our derivative financial instruments that are in a net receivable position was $ 128 million, for which we have received collateral of $ 154 million with a corresponding amount reported in Short-term borrowings, including current portion of long-term debt.",evidence_mismatch
sec_PFE_1354,NOT ENOUGH INFO,NOT ENOUGH INFO,"As part of our continued focus on commercial execution, at the beginning of 2026, we made changes in our commercial structure, which included the transition of certain off-patent branded and generic sterile injectables and biosimilars from the Specialty Care and Oncology product portfolios to a new Global Hospital and Biosimilars organization within our Biopharma reportable segment.",evidence_mismatch
sec_PFE_1355,NOT ENOUGH INFO,NOT ENOUGH INFO,"In March 2025, we, along with Sumitomo Pharma Switzerland GBBH, Sumitomo Pharma America, Inc., Takeda and Takeda Pharmaceuticals International AG jointly filed separate patent infringement actions in the U.S. District Court for the District of Delaware against the generic companies, asserting the infringement and validity of the patents in suit.",evidence_mismatch
sec_PFE_1356,NOT ENOUGH INFO,NOT ENOUGH INFO,"The September 2025 agreement also provides a three-year grace period during which time our products will not face Section 232 tariffs, provided the Company further invests in manufacturing in the U.S. Pfizer is now in the process of entering into binding final agreements to implement these arrangements.",evidence_mismatch
sec_PFE_1357,NOT ENOUGH INFO,NOT ENOUGH INFO,"As part of this goal, Pfizer aims to decrease its GHG emissions by 95% and its value chain emissions by 90% from 2019 levels by 2040.",evidence_mismatch
sec_PFE_1358,NOT ENOUGH INFO,NOT ENOUGH INFO,"CMS has since selected Ibrance and Xtandi for the MDPNP with Maximum Fair Price effective in 2027 and Xeljanz for Maximum Fair Price effective in 2028, and additional future selections could lead to lower revenues.",evidence_mismatch
sec_PFE_1359,NOT ENOUGH INFO,NOT ENOUGH INFO,"Awards granted under the 2019 Plan reduce the shares available for future grants as follows: RSUs count as three shares, and PPSs and PSAs count as six shares (three shares times 2 (the maximum potential payout)), while TSRUs and stock options count as one share.",evidence_mismatch
sec_PFE_1360,NOT ENOUGH INFO,NOT ENOUGH INFO,"In 2025, we recorded a net increase in interest of $ 40 million.",evidence_mismatch
sec_PFE_1361,NOT ENOUGH INFO,NOT ENOUGH INFO,The first-quarter 2026 cash dividend will be our 349th consecutive quarterly dividend.,evidence_mismatch
sec_PFE_1362,NOT ENOUGH INFO,SUPPORTS,The decrease in the international income in 2025 versus international income in 2024 is primarily attributable to higher asset impairment charges.,evidence_mismatch
sec_T_1363,NOT ENOUGH INFO,REFUTES,"16 INFORMATION ABOUT OUR EXECUTIVE OFFICERS As of February 1, 2026 The above executive officers have held high-level managerial positions with AT&T or its subsidiaries for more than the past five years, except for Ms. Cakaric.",evidence_mismatch
sec_T_1364,NOT ENOUGH INFO,NOT ENOUGH INFO,This transaction with Athene was considered a settlement for accounting purposes and required us to remeasure our pension plan assets and obligations at quarter-end for the second and third quarters of 2023.,evidence_mismatch
sec_T_1365,NOT ENOUGH INFO,NOT ENOUGH INFO,"2023-09, ""Income Taxes (Topic 740): Improvements to Income Tax Disclosures"" (ASU 2023-09).",evidence_mismatch
sec_T_1366,NOT ENOUGH INFO,NOT ENOUGH INFO,"On August 25, 2025, we agreed to purchase FCC licenses in the 600 MHz and 3.45 GHz bands from EchoStar for approximately $23,000, subject to certain adjustments.",evidence_mismatch
sec_T_1367,NOT ENOUGH INFO,NOT ENOUGH INFO,"For 2025, our assumed annual healthcare prescription drug cost trend and medical cost trend for eligible participants was 8.25 %, grading down to an ultimate trend rate of 4.25 % in 2032.",evidence_mismatch
sec_T_1368,NOT ENOUGH INFO,NOT ENOUGH INFO,"The following table summarizes cash and cash equivalents and restricted cash balances contained on our consolidated balance sheets: The following tables summarize certain cash flow activities during the periods: Labor Contracts As of December 31, 2025, we employed approximately 133,030 persons.",evidence_mismatch
sec_T_1369,NOT ENOUGH INFO,NOT ENOUGH INFO,"DriveNets We hold a 16.6 % interest in DriveNets, which designs and builds high-scale networking solutions for service providers and AI infrastructures.",evidence_mismatch
sec_T_1370,NOT ENOUGH INFO,NOT ENOUGH INFO,"We will also pay a facility fee of 0.06 %, 0.07 % or 0.08 % per annum of the amount of the lender commitments, depending on AT&T's credit rating under the Revolving Credit Agreement.",evidence_mismatch
sec_T_1371,NOT ENOUGH INFO,NOT ENOUGH INFO,"Total health and welfare benefits provided to certain active and retired employees and their dependents totaled approximately $2,490 in 2025 and $2,550 in 2024, with $483 paid from plan assets in 2025, compared to $736 in 2024.",evidence_mismatch
sec_T_1372,NOT ENOUGH INFO,NOT ENOUGH INFO,"The events of default under the Revolving Credit Agreement and the Term Loan are customary for agreements of this type and such events would result in the acceleration of, or permit the requisite lenders to accelerate, as applicable, required payments under the relevant agreement and could increase the applicable margin under the relevant agreement by 2.00 % per annum.",evidence_mismatch
sec_T_1373,NOT ENOUGH INFO,SUPPORTS,"We received the licenses in July 2021 and classified the auction deposits, related capitalized interest and billed relocation costs as ""Licenses - Net"" on our December 31, 2021 consolidated balance sheet.",evidence_mismatch
sec_T_1374,NOT ENOUGH INFO,NOT ENOUGH INFO,"The 2019 Tower preferred 82 interests were subject to reset in December 2024 and included a September series (Tower Class A-1) totaling $ 1,500 that paid an initial preferred distribution of 5.0 %, and a December series (Tower Class A-2) totaling $ 4,500 that paid an initial preferred distribution of 4.75 %.",evidence_mismatch
sec_T_1375,NOT ENOUGH INFO,NOT ENOUGH INFO,All Mobility preferred interests were repurchased as of April 2023.,evidence_mismatch
sec_T_1376,NOT ENOUGH INFO,NOT ENOUGH INFO,"We can call the Tower preferred interests at the issue price beginning in November 2029, and we can call the Tower Floating Rate Interests at any time.",evidence_mismatch
sec_T_1377,NOT ENOUGH INFO,SUPPORTS,"Our investments in equity affiliates at December 31, 2025, primarily included our interests in DriveNets and Gigapower.",evidence_mismatch
sec_T_1378,NOT ENOUGH INFO,NOT ENOUGH INFO,"In July 2021, we closed our transaction with TPG Capital (TPG) to form a new company named DIRECTV Entertainment Holdings, LLC (DIRECTV).",evidence_mismatch
sec_T_1379,NOT ENOUGH INFO,NOT ENOUGH INFO,"Depreciation expense included amortization of software totaling $ 3,209 in 2025, $ 3,076 in 2024 and $ 3,023 in 2023.",evidence_mismatch
sec_T_1380,NOT ENOUGH INFO,NOT ENOUGH INFO,"Postpaid churn and postpaid phone churn were higher in 2025, partially driven by an increase in our customer base that reached the end of device financing periods, which normalized in the second half of 2025.",evidence_mismatch
sec_T_1381,NOT ENOUGH INFO,NOT ENOUGH INFO,"A significant amount of our cash outflows is related to tax items, acquisition of spectrum and benefits paid for current and former employees: Total taxes incurred, collected and remitted by AT&T during 2025 and 2024 were $16,326 and $16,968.",evidence_mismatch
sec_T_1382,NOT ENOUGH INFO,NOT ENOUGH INFO,"If either the projected long-term growth rates declined by 0.5%, if the projected long-term EBITDA margin declined by 0.5%, or if the weighted average cost of capital increased by 0.5%, the fair values would still be higher than the book value of the reporting units.",evidence_mismatch
sec_T_1383,NOT ENOUGH INFO,NOT ENOUGH INFO,We also received approximately $850 in upfront cash proceeds from a structured sale-leaseback of real estate.,evidence_mismatch
sec_T_1384,NOT ENOUGH INFO,NOT ENOUGH INFO,"OVERVIEW Operating revenues increased in 2025, reflecting higher Mobility and Consumer Wireline revenues, partially offset by declines in Business Wireline.",evidence_mismatch
sec_T_1385,NOT ENOUGH INFO,NOT ENOUGH INFO,"The main contracts set to expire in 2026 include the following: A contract covering approximately 9,000 employees across 36 states and the District of Columbia is set to expire in February.",evidence_mismatch
sec_T_1386,NOT ENOUGH INFO,NOT ENOUGH INFO,"On July 4, 2025, as part of the omnibus reconciliation package (One Big Beautiful Bill (OBBB)), the President signed into law a provision that reauthorized, for 10 years, FCC statutory authority to conduct spectrum auctions and further required auction of 800 MHz of spectrum within eight years.",evidence_mismatch
sec_T_1387,NOT ENOUGH INFO,NOT ENOUGH INFO,"The Telco Class A-4 interests will pay an initial preferred distribution of 5.94 % annually, subject to declaration, and subject to reset on November 1, 2028, and every four years thereafter.",evidence_mismatch
sec_T_1388,NOT ENOUGH INFO,NOT ENOUGH INFO,"As a first step, in November 2025, the FCC opened a rulemaking to consider the auctioning of spectrum in the upper C-Band, as required by OBBB.",evidence_mismatch
sec_T_1389,NOT ENOUGH INFO,NOT ENOUGH INFO,"Our Mexico EBITDA margin was 18.6% in 2025, 16.5% in 2024 and 14.8% in 2023.",evidence_mismatch
sec_T_1390,NOT ENOUGH INFO,NOT ENOUGH INFO,"Current tax assets on our consolidated balance sheets were $ 2,772 at December 31, 2025, $ 2,236 at December 31, 2024 and $ 2,079 at December 31, 2023.",evidence_mismatch
sec_T_1391,NOT ENOUGH INFO,NOT ENOUGH INFO,"TABLE OF CONTENTS PART I ITEM 1. BUSINESS GENERAL AT&T Inc. (""AT&T,"" ""we"" or the ""Company"") is a holding company incorporated under the laws of the State of Delaware in 1983 and has its principal executive offices at 208 S. Akard St., Dallas, Texas, 75202 (telephone number 210-821-4105).",evidence_mismatch
sec_T_1392,NOT ENOUGH INFO,NOT ENOUGH INFO,"On January 27, 2026, the Board approved an authorization to repurchase an additional $10,000 of common stock.",evidence_mismatch
sec_T_1393,NOT ENOUGH INFO,REFUTES,"During 2024, we repurchased approximately 36 thousand shares totaling $ 1 under the March 2014 authorization.",evidence_mismatch
sec_T_1394,NOT ENOUGH INFO,SUPPORTS,39 /s/ Ernst & Young LLP We have served as the Company's auditor since 1999.,evidence_mismatch
sec_T_1395,NOT ENOUGH INFO,REFUTES,"Series B: no shares outstanding at December 31, 2025 and 20 thousand shares outstanding at December 31, 2024, with a € 100,000 per share liquidation preference, and an initial rate of 2.875 %.",evidence_mismatch
sec_T_1396,NOT ENOUGH INFO,NOT ENOUGH INFO,"The Applicable Margin for Base Rate Term Advances under the Term Loan will be equal to the greater of (x) 0.00 % and (y) the relevant Applicable Margin for SOFR Rate Term Advances minus 1.00 % per annum, depending on our unsecured long-term debt ratings.",evidence_mismatch
sec_T_1397,NOT ENOUGH INFO,REFUTES,"Upon the sale of our interests in DIRECTV in July 2025, we recorded a current note receivable of approximately $ 3,600 and a long-term receivable of $ 500 .",evidence_mismatch
sec_T_1398,NOT ENOUGH INFO,NOT ENOUGH INFO,"As of December 31, 2025, we served 145 million wireless subscribers in North America, with 120 million in the United States.",evidence_mismatch
sec_T_1399,NOT ENOUGH INFO,NOT ENOUGH INFO,"On September 30, 2022, we de-designated most of our cross-currency swaps from cash flow hedges and re-designated these swaps as fair value hedges.",evidence_mismatch
sec_T_1400,NOT ENOUGH INFO,NOT ENOUGH INFO,"ASU 2025-06 will be effective for annual reporting periods beginning after December 15, 2027.",evidence_mismatch
sec_T_1401,NOT ENOUGH INFO,NOT ENOUGH INFO,"Equipment revenue increased in 2025, primarily driven by higher wireless device sales volumes.",evidence_mismatch
sec_T_1402,NOT ENOUGH INFO,NOT ENOUGH INFO,"Based on its assessment, AT&T management believes that, as of December 31, 2025, the Company's internal control over financial reporting is effective based on those criteria.",evidence_mismatch
sec_T_1403,NOT ENOUGH INFO,NOT ENOUGH INFO,"At December 31, 2025, accumulated goodwill impairments totaled $ 29,234 .",evidence_mismatch
sec_T_1404,NOT ENOUGH INFO,NOT ENOUGH INFO,"We paid dividends on common and preferred shares of $8,180 in 2025, compared with $8,208 in 2024.",evidence_mismatch
sec_WMT_1405,NOT ENOUGH INFO,NOT ENOUGH INFO,"Net sales growth was primarily due to positive comparable sales growth across our international markets, which includes strong eCommerce growth of $6.3 billion and $4.7 billion for fiscal 2026 and 2025, respectively.",evidence_mismatch
sec_WMT_1406,NOT ENOUGH INFO,SUPPORTS,"On September 13, 2024, those subsidiaries received a non-confidential version of the DG's Investigation Report (the ""Report""), alleging certain competition law violations.",evidence_mismatch
sec_WMT_1407,NOT ENOUGH INFO,NOT ENOUGH INFO,"Subsequent Event Dividends Declared The Company approved, effective February 19, 2026, the fiscal 2027 annual dividend of $ 0.99 per share, an increase over the fiscal 2026 dividend of $ 0.94 per share.",evidence_mismatch
sec_WMT_1408,NOT ENOUGH INFO,NOT ENOUGH INFO,"As a result of the factors discussed above, segment operating income increased slightly for fiscal 2026 and increased $0.2 billion for fiscal 2025, when compared to the previous fiscal year.",evidence_mismatch
sec_WMT_1409,NOT ENOUGH INFO,NOT ENOUGH INFO,"For fiscal 2025, the increase was primarily due to increased marketing expenses, higher variable pay as a result of exceeding planned performance and increased depreciation expenses.",evidence_mismatch
sec_WMT_1410,NOT ENOUGH INFO,NOT ENOUGH INFO,"Pursuant to the settlement and without admitting liability, the Company agreed to entry of a judgment of $ 100 million and to maintain certain programmatic practices and reporting obligations for a period of 10 years.",evidence_mismatch
sec_WMT_1411,NOT ENOUGH INFO,NOT ENOUGH INFO,"The amendments are effective for fiscal years beginning after December 15, 2026, and for interim periods within fiscal years beginning after December 15, 2027.",evidence_mismatch
sec_WMT_1412,NOT ENOUGH INFO,NOT ENOUGH INFO,These derivatives will mature on dates ranging from September 2028 to September 2031.,evidence_mismatch
sec_WMT_1413,NOT ENOUGH INFO,NOT ENOUGH INFO,"A hypothetical 10% change in interest rates underlying these swaps from the market rates in effect as of January 31, 2026 would have resulted in a change in the value of the swaps of $0.1 billion.",evidence_mismatch
sec_WMT_1414,NOT ENOUGH INFO,NOT ENOUGH INFO,"The weighted-average discount for the dividend yield used to determine the fair value of performance-based restricted stock units in fiscal 2026, 2025 and 2024 was 2.4 %, 3.2 % and 3.3 %, respectively.",evidence_mismatch
sec_WMT_1415,NOT ENOUGH INFO,NOT ENOUGH INFO,"Purchase and Sale of Subsidiary Stoc k During fiscal 2024, we paid $3.5 billion to acquire shares from certain Flipkart noncontrolling interest holders and settle a $0.9 billion liability to former noncontrolling interest holders of PhonePe in connection with the separation from Flipkart in fiscal 2023.",evidence_mismatch
sec_WMT_1416,NOT ENOUGH INFO,NOT ENOUGH INFO,"Sam's Club U.S. comparable sales increased 2.9% and 4.7% in fiscal 2026 and 2025, respectively.",evidence_mismatch
sec_WMT_1417,NOT ENOUGH INFO,NOT ENOUGH INFO,"32 Overview This discussion, which presents our results for the fiscal years ended January 31, 2026 (""fiscal 2026""), January 31, 2025 (""fiscal 2025"") and January 31, 2024 (""fiscal 2024""), should be read in conjunction with our Consolidated Financial Statements and the accompanying notes.",evidence_mismatch
sec_WMT_1418,NOT ENOUGH INFO,NOT ENOUGH INFO,"Operating income as a percentage of net sales decreased 13 basis points for fiscal 2026 and increased 15 basis points for fiscal 2025, respectively, primarily due to the factors described above and strong growth in membership income globally.",evidence_mismatch
sec_WMT_1419,NOT ENOUGH INFO,NOT ENOUGH INFO,"In our opinion, the Consolidated Financial Statements present fairly, in all material respects, the financial position of the Company at January 31, 2026 and 2025, and the results of its operations and its cash flows for each of the three years in the period ended January 31, 2026, in conformity with U.S. generally accepted accounting principles.",evidence_mismatch
sec_WMT_1420,NOT ENOUGH INFO,NOT ENOUGH INFO,"Management has performed its evaluation and determined the fair value of each reporting unit is significantly greater than the carrying amount and, accordingly, the Company has not recorded any impairment charges related to goodwill during fiscal 2026, fiscal 2025 or fiscal 2024.",evidence_mismatch
sec_WMT_1421,NOT ENOUGH INFO,SUPPORTS,"The Court has scheduled retrial to commence on August 27, 2026.",evidence_mismatch
sec_WMT_1422,NOT ENOUGH INFO,NOT ENOUGH INFO,"During fiscal 2024, the Company paid $ 3.5 billion to acquire shares from certain Flipkart noncontrolling interest holders and settle a $ 0.9 billion liability to former noncontrolling interest holders of PhonePe in connection with the separation from Flipkart in fiscal 2023.",evidence_mismatch
sec_WMT_1423,NOT ENOUGH INFO,SUPPORTS,"In addition, the following 13 other opioid-related cases against the Company and its subsidiaries were pending in U.S. state and federal courts and Canadian courts as of March 6, 2026: Baby Doe 1, et al.",evidence_mismatch
sec_WMT_1424,NOT ENOUGH INFO,NOT ENOUGH INFO,"As of January 31, 2026, a hypothetical 10% change in the stock price of such investments would have changed the fair value of such investments by approximately $0.4 billion.",evidence_mismatch
sec_WMT_1425,NOT ENOUGH INFO,SUPPORTS,"We are enhancing our omnichannel capabilities through a combination of stores, eCommerce websites, mobile applications and service offerings, as well as our supply chain, combined with approximately 2.1 million associates as of January 31, 2026, to better serve our customers.",evidence_mismatch
sec_WMT_1426,NOT ENOUGH INFO,NOT ENOUGH INFO,"Our gross profit rate increased 8 and 40 basis points for fiscal 2026 and 2025, respectively, when compared to the previous fiscal year.",evidence_mismatch
sec_WMT_1427,NOT ENOUGH INFO,NOT ENOUGH INFO,"On July 25, 2024, the Court transferred the litigation to the U.S. District Court for the District of Delaware.",evidence_mismatch
sec_WMT_1428,NOT ENOUGH INFO,NOT ENOUGH INFO,"As a result of the factors discussed above, we reported $22.3 billion and $20.2 billion of consolidated net income for fiscal 2026 and 2025, respectively, which represent increases of $2.1 billion and $3.9 billion for fiscal 2026 and 2025, respectively, when compared to the previous fiscal year.",evidence_mismatch
sec_WMT_1429,NOT ENOUGH INFO,SUPPORTS,"Each week, we serve approximately 280 million customers who visit more than 10,900 stores in 19 countries and through our numerous eCommerce websites and mobile applications.",evidence_mismatch
sec_WMT_1430,NOT ENOUGH INFO,REFUTES,"The Company is unable to predict the final outcome of this matter, but the EPA could seek penalties in excess of $1 million.",evidence_mismatch
sec_WMT_1431,NOT ENOUGH INFO,NOT ENOUGH INFO,"Total depreciation and amortization expense for property and equipment, property under finance leases and intangible assets was $ 14.2 billion, $ 13.0 billion and $ 11.9 billion for fiscal 2026, 2025 and 2024, respectively.",evidence_mismatch
sec_WMT_1432,NOT ENOUGH INFO,SUPPORTS,"Asda, formerly a subsidiary of the Company, is a defendant in certain equal value claims that began in 2008 and are proceeding in the United Kingdom before an Employment Tribunal in Manchester and before the High Court.",evidence_mismatch
sec_WMT_1433,NOT ENOUGH INFO,NOT ENOUGH INFO,"Long-term Debt The following table provides the changes in our long-term debt for fiscal 2026: Our total outstanding long-term debt increased $2.2 billion during fiscal 2026, primarily due to issuances of long-term debt.",evidence_mismatch
sec_WMT_1434,NOT ENOUGH INFO,REFUTES,"The DOJ informed the Company of its decision not to intervene on June 20, 2024.",evidence_mismatch
sec_WMT_1435,NOT ENOUGH INFO,REFUTES,"In February 2026, the Board of Directors approved a new $ 30.0 billion share repurchase authorization, which has no expiration date or other restrictions limiting the period over which the Company can make repurchases, and beginning February 23, 2026, replaced the remaining capacity under the prior authorization.",evidence_mismatch
sec_WMT_1436,NOT ENOUGH INFO,NOT ENOUGH INFO,"The increase in net cash provided by operating activities for fiscal 2025, when compared to the previous fiscal year, was primarily due to an increase in cash provided by operating income and lapping the payment of accrued opioid legal charges in the prior year, partially offset by increased inventory purchases.",evidence_mismatch
sec_WMT_1437,NOT ENOUGH INFO,NOT ENOUGH INFO,"ROA was 8.2% and 7.9% for fiscal 2026 and 2025, respectively.",evidence_mismatch
sec_WMT_1438,NOT ENOUGH INFO,NOT ENOUGH INFO,"The minority interest owner holds a put option which, if exercised, would require the Company to purchase the underlying shares at fair value beginning in December 2027, with annual options thereafter.",evidence_mismatch
sec_WMT_1439,NOT ENOUGH INFO,NOT ENOUGH INFO,"Our total revenues increased $32.2 billion or 4.7% and $32.9 billion or 5.1% for fiscal 2026 and 2025, respectively, when compared to the previous fiscal year.",evidence_mismatch
sec_WMT_1440,NOT ENOUGH INFO,NOT ENOUGH INFO,"66 The Company's long-term debt, which includes the fair value instruments further discussed in Note 7 , consists of the following as of January 31, 2026 and 2025: (1) The average rate represents the weighted-average stated rate for each corresponding debt category, based on year-end balances and year-end interest rates.",evidence_mismatch
sec_WMT_1441,NOT ENOUGH INFO,NOT ENOUGH INFO,"The committed lines of credit in the table above mature in April 2026 and April 2030, carry interest rates of the Secured Overnight Financing Rate plus 45 basis points, and incur commitment fees ranging between 1.5 and 4.0 basis points.",evidence_mismatch
sec_WMT_1442,NOT ENOUGH INFO,NOT ENOUGH INFO,"Gross profit rate increased 22 and 47 basis points for fiscal 2026 and 2025, respectively, when compared to the previous fiscal year.",evidence_mismatch
sec_WMT_1443,NOT ENOUGH INFO,NOT ENOUGH INFO,"wmt-20260131 UNITED STATES SECURITIES AND EXCHANGE COMMISSION Washington, D.C. 20549 ___________________________________________ FORM 10-K ___________________________________________ For the fiscal year ended January 31 , 2026 , or Commission file number 001-06991 .",evidence_mismatch
sec_WMT_1444,NOT ENOUGH INFO,NOT ENOUGH INFO,"As of January 31, 2025, all of the accrued liability had been paid.",evidence_mismatch
sec_WMT_1445,NOT ENOUGH INFO,NOT ENOUGH INFO,"43 Dividends Our total dividend payments were $7.5 billion, $6.7 billion and $6.1 billion for fiscal 2026, 2025 and 2024, respectively.",evidence_mismatch
sec_WMT_1446,NOT ENOUGH INFO,NOT ENOUGH INFO,"All repurchases during fiscal 2026 were made under the $20.0 billion share repurchase program approved in November 2022, of which authorization for $4.0 billion of share repurchases remained as of January 31, 2026.",evidence_mismatch
sec_XOM_1447,NOT ENOUGH INFO,SUPPORTS,ExxonMobil has elected to use a $1 million threshold for disclosing environmental proceedings.,evidence_mismatch
sec_XOM_1448,NOT ENOUGH INFO,SUPPORTS,"There were 276,536 registered shareholders of ExxonMobil common stock at December 31, 2025.",evidence_mismatch
sec_XOM_1449,NOT ENOUGH INFO,SUPPORTS,"In 2023, the Corporation recognized after-tax charges of $3.4 billion, primarily related to the idled Upstream Santa Ynez Unit assets and associated facilities in California, which reflected the continuing challenges in the state regulatory environment that impeded progress towards restoring operations.",evidence_mismatch
sec_XOM_1450,NOT ENOUGH INFO,NOT ENOUGH INFO,"Relative to 2019, estimated cumulative structural cost savings totaled $15.1 billion, which included an additional $3.0 billion in 2025.",evidence_mismatch
sec_XOM_1451,NOT ENOUGH INFO,NOT ENOUGH INFO,"As of year-end 2025, we are exceeding our 2030 plans across the portfolio, having already achieved our plans for reducing Corporate greenhouse gas and flaring intensity.",evidence_mismatch
sec_XOM_1452,NOT ENOUGH INFO,SUPPORTS,"Additional investments and advances were $0.3 billion higher in 2024, while proceeds from other investing activities including collection of advances increased by $0.4 billion.",evidence_mismatch
sec_XOM_1453,NOT ENOUGH INFO,SUPPORTS,"In 2025, ExxonMobil exited Thailand operations, while production activities continued throughout the region.",evidence_mismatch
sec_XOM_1454,NOT ENOUGH INFO,NOT ENOUGH INFO,Timing Effects - Less unfavorable timing effects from derivatives mark-to-market impacts increased earnings by $0.3 billion.,evidence_mismatch
sec_XOM_1455,NOT ENOUGH INFO,NOT ENOUGH INFO,"Led by the growing economies of developing nations, average worldwide household electricity use is expected to rise more than 60 percent between 2024 and 2050.",evidence_mismatch
sec_XOM_1456,NOT ENOUGH INFO,REFUTES,Our emission-reduction plans and 2050 net-zero ambition cover Scope 1 and 2 emissions from assets we operate.,evidence_mismatch
sec_XOM_1457,NOT ENOUGH INFO,SUPPORTS,"Impairments in 2025 totaled $2.0 billion after-tax, including a write-down to fair value of Upstream oil and gas assets held for sale and charges associated with the optimization of materials and supply inventory.",evidence_mismatch
sec_XOM_1458,NOT ENOUGH INFO,NOT ENOUGH INFO,"The climate accord reached at the 2015 Conference of the Parties (COP 21) in Paris set many new goals, and many related policies are still emerging.",evidence_mismatch
sec_XOM_1459,NOT ENOUGH INFO,NOT ENOUGH INFO,"Review of Principal Ongoing Activities During 2025, ExxonMobil was active in areas onshore and offshore in the lower 48 states and in Alaska.",evidence_mismatch
sec_XOM_1460,NOT ENOUGH INFO,NOT ENOUGH INFO,"Expenses - Higher expenses decreased earnings by $1.4 billion, primarily from higher depreciation (non-cash).",evidence_mismatch
sec_XOM_1461,NOT ENOUGH INFO,SUPPORTS,"Advantaged Volume Growth - Higher volumes from advantaged projects, increased earnings by $0.1 billion.",evidence_mismatch
sec_XOM_1462,NOT ENOUGH INFO,SUPPORTS,Advantaged Volume Growth - Record high-value product sales increased earnings by $0.4 billion.,evidence_mismatch
sec_XOM_1463,NOT ENOUGH INFO,REFUTES,"Without supportive policies and the innovations they drive, net zero 2050 will remain out of reach - for society and ExxonMobil.",evidence_mismatch
sec_XOM_1464,NOT ENOUGH INFO,REFUTES,"In 2025, refining margins increased from the prior year on record demand, but remained within the 10-year historical range (2010-2019).",evidence_mismatch
sec_XOM_1465,NOT ENOUGH INFO,NOT ENOUGH INFO,"Changes in operational working capital, excluding cash and debt, decreased cash in 2025 by $7.7 billion.",evidence_mismatch
sec_XOM_1466,NOT ENOUGH INFO,REFUTES,"In 2024, before-tax impairment charges recognized are immaterial.",evidence_mismatch
sec_XOM_1467,NOT ENOUGH INFO,NOT ENOUGH INFO,Base Volume - Higher volumes driven by lower scheduled maintenance increased earnings by $0.4 billion.,evidence_mismatch
sec_XOM_1468,NOT ENOUGH INFO,NOT ENOUGH INFO,The target asset allocations for the major benefit plans range from 5 to 40 percent in equity securities and the remainder in fixed income securities.,evidence_mismatch
sec_XOM_1469,NOT ENOUGH INFO,SUPPORTS,"The Corporation and certain of its consolidated subsidiaries were contingently liable at December 31, 2025, for guarantees relating to notes, loans and performance under contracts.",evidence_mismatch
sec_XOM_1470,NOT ENOUGH INFO,NOT ENOUGH INFO,"Force majeure was lifted in Mozambique, as the Rovuma LNG project continues with the front-end engineering and design stage, in support of a final investment decision in 2026 to develop the Area 4 offshore gas resources.",evidence_mismatch
sec_XOM_1471,NOT ENOUGH INFO,REFUTES,ExxonMobil remains on track to achieve Scope 1 and 2 net zero greenhouse gas emissions in the integrated Permian Basin operated assets by 2035.,evidence_mismatch
sec_XOM_1472,NOT ENOUGH INFO,NOT ENOUGH INFO,"Cash payments expected in 2026 and 2027 are $6.3 billion and $6.2 billion, respectively.",evidence_mismatch
sec_XOM_1473,NOT ENOUGH INFO,SUPPORTS,"Of the 25 projects that have exploratory well costs capitalized for a period greater than one year as of December 31, 2025, 10 projects have drilling in the preceding year or exploratory activity planned in the next two years, while the remaining 15 projects are those with completed exploratory activity.",evidence_mismatch
sec_XOM_1474,NOT ENOUGH INFO,NOT ENOUGH INFO,39 MANAGEMENT'S DISCUSSION AND ANALYSIS OF FINANCIAL CONDITION AND RESULTS OF OPERATIONS Oil and natural gas projected to play a critical role in the global energy mix The world's energy mix is highly diverse and will remain so through 2050.,evidence_mismatch
sec_XOM_1475,NOT ENOUGH INFO,NOT ENOUGH INFO,"The effective tax rate, which is calculated based on consolidated company income taxes and ExxonMobil's share of equity company income taxes, was 31 percent.",evidence_mismatch
sec_XOM_1476,NOT ENOUGH INFO,NOT ENOUGH INFO,"At times, the Corporation also enters into currency and interest rate derivatives, none of which are material to the Corporation's financial position as of December 31, 2025 and 2024, or results of operations for 2025, 2024, and 2023.",evidence_mismatch
sec_XOM_1477,NOT ENOUGH INFO,NOT ENOUGH INFO,"48 MANAGEMENT'S DISCUSSION AND ANALYSIS OF FINANCIAL CONDITION AND RESULTS OF OPERATIONS Energy Products Financial Results Margin - Increased earnings by $1.8 billion, mainly driven by robust demand and supply disruptions.",evidence_mismatch
sec_XOM_1478,NOT ENOUGH INFO,SUPPORTS,"The investment range for 2026 excludes advances and collections not related to capital expenditures or equity investments, for example, supply and marketing related advances and associated collections.",evidence_mismatch
sec_XOM_1479,NOT ENOUGH INFO,NOT ENOUGH INFO,"45 MANAGEMENT'S DISCUSSION AND ANALYSIS OF FINANCIAL CONDITION AND RESULTS OF OPERATIONS Price - Price impacts decreased earnings by $1.3 billion, driven by lower gas realizations.",evidence_mismatch
sec_XOM_1480,NOT ENOUGH INFO,NOT ENOUGH INFO,"52 MANAGEMENT'S DISCUSSION AND ANALYSIS OF FINANCIAL CONDITION AND RESULTS OF OPERATIONS Margin - Improved company margins on North American ethane feed advantage and improved product realizations increased earnings by $0.9 billion, despite continued bottom-of-cycle market conditions.",evidence_mismatch
sec_XOM_1481,NOT ENOUGH INFO,REFUTES,Expenses - Higher expenses to develop markets for carbon materials and Proxxima TM resins decreased earnings by $0.2 billion.,evidence_mismatch
sec_XOM_1482,NOT ENOUGH INFO,NOT ENOUGH INFO,"The adjustment for dividends received less than equity in current earnings of equity companies was an increase of $3.0 billion, compared to an increase of $0.2 billion in 2024.",evidence_mismatch
sec_XOM_1483,NOT ENOUGH INFO,REFUTES,"The fair value of shares and units vested in 2025, 2024, and 2023 was $ 1.0 billion, $ 1.0 billion, and $ 0.9 billion, respectively.",evidence_mismatch
sec_XOM_1484,NOT ENOUGH INFO,NOT ENOUGH INFO,"In 2024, the Corporation completed the acquisition of Pioneer Natural Resources Company (Pioneer) through the issuance of 545 million shares of ExxonMobil common stock having a fair value of $ 63 billion on the acquisition date and assumed debt with a fair value of $ 5 billion.",evidence_mismatch
sec_XOM_1485,NOT ENOUGH INFO,SUPPORTS,"No major discovery or other favorable or adverse event has occurred since December 31, 2025, that would cause a significant change in the estimated proved reserves as of that date.",evidence_mismatch
sec_XOM_1486,NOT ENOUGH INFO,NOT ENOUGH INFO,Net acreage totaled 15.8 million acres at year-end 2025.,evidence_mismatch
sec_XOM_1487,NOT ENOUGH INFO,NOT ENOUGH INFO,"In 2023, the Corporation completed the acquisition of Denbury Inc. (Denbury) through the issuance of 46 million shares of ExxonMobil Corporation common stock having a fair value of $ 4.8 billion on the acquisition date.",evidence_mismatch
sec_XOM_1488,NOT ENOUGH INFO,NOT ENOUGH INFO,"During 2024, the Corporation utilized cash to repay debt of $5.9 billion.",evidence_mismatch
